id,income,age,score,icc,rate,total_debt,amount_to_be_lend,F,M,FAMILIA,PROPIO,RENTADO,Empleado,Negocio propio,Retirado,Licenciatura,Posgrado,Preparatoria,CASADO,DIVORCIADO,SEPARADO,SOLTERO,UNION_LIBRE,VIUDO,APPROVED,REJECTED
8490,10000.0,29.0,658,6,31,54950,53646.69,1,0,1,0,0,1,0,0,1,0,0,0,0,0,1,0,0,0,1
8438,19000.0,29.0,711,7,23,17800,17721.45,1,0,0,0,1,1,0,0,1,0,0,1,0,0,0,0,0,1,0
8436,45000.0,32.0,637,3,34,60000,113115.84,0,1,1,0,0,1,0,0,1,0,0,0,0,0,1,0,0,0,1
8432,33000.0,22.0,632,2,34,58000,58978.7,0,1,0,1,0,1,0,0,1,0,0,0,0,0,1,0,0,0,1
8431,32000.0,22.0,632,2,34,58000,58978.7,0,1,0,1,0,1,0,0,1,0,0,0,0,0,1,0,0,1,0
8428,11300.0,30.0,646,3,32,18500,18382.0,0,1,1,0,0,1,0,0,0,0,1,1,0,0,0,0,0,0,1
8421,37000.0,23.0,633,0,34,23110,23110.0,0,1,0,1,0,1,0,0,1,0,0,0,0,0,1,0,0,0,1
8413,10000.0,34.0,659,1,31,41000,40802.0,0,1,0,1,0,1,0,0,1,0,0,0,0,0,1,0,0,0,1
8402,37000.0,27.0,687,5,27,35000,35522.76,0,1,0,0,1,1,0,0,1,0,0,0,0,0,1,0,0,1,0
8397,8200.0,26.0,630,3,35,19000,19000.0,0,1,1,0,0,1,0,0,1,0,0,0,0,0,1,0,0,0,1
8395,16000.0,25.0,656,1,31,24000,23282.0,0,1,0,1,0,1,0,0,1,0,0,0,0,0,1,0,0,0,1
8388,10500.0,28.0,677,7,28,50022,50022.68,1,0,1,0,0,1,0,0,1,0,0,1,0,0,0,0,0,0,1
8374,21000.0,39.0,627,5,35,41049,41049.7,1,0,0,1,0,1,0,0,1,0,0,0,0,0,1,0,0,0,1
8366,4500.0,29.0,704,6,24,6746,6746.0,0,1,1,0,0,1,0,0,0,0,1,0,0,0,1,0,0,0,1
8363,7468.0,24.0,679,7,28,15361,15361.7,0,1,0,1,0,1,0,0,1,0,0,1,0,0,0,0,0,1,0
8352,5000.0,34.0,711,7,23,19000,23459.52,0,1,0,1,0,1,0,0,1,0,0,1,0,0,0,0,0,0,1
8351,14500.0,26.0,643,4,33,52500,77437.85,0,1,0,0,1,1,0,0,0,1,0,1,0,0,0,0,0,0,1
8345,16000.0,58.0,652,1,32,60841850,60841.0,0,1,0,0,1,1,0,0,1,0,0,0,0,0,1,0,0,0,1
8340,20000.0,29.0,650,1,32,55000,55850.69,0,1,1,0,0,1,0,0,0,1,0,0,0,0,1,0,0,0,1
8335,12000.0,48.0,677,6,28,20101,20101.78,1,0,0,1,0,1,0,0,0,1,0,1,0,0,0,0,0,0,1
8314,5000.0,28.0,705,6,24,13322,12902.77,0,1,1,0,0,1,0,0,0,0,1,0,0,0,1,0,0,0,1
8309,20000.0,29.0,664,6,30,60233,60000.0,0,1,0,1,0,0,1,0,1,0,0,1,0,0,0,0,0,1,0
8308,46000.0,39.0,655,2,31,110000,89291.05,0,1,0,1,0,1,0,0,1,0,0,1,0,0,0,0,0,0,1
8302,10200.0,24.0,638,1,34,15000,9997.55,0,1,1,0,0,1,0,0,0,0,1,0,0,0,1,0,0,0,1
8293,30000.0,35.0,704,8,24,12353,12353.0,1,0,0,1,0,1,0,0,1,0,0,0,0,0,1,0,0,0,1
8286,27000.0,32.0,652,6,32,110000,60000.0,1,0,0,1,0,1,0,0,1,0,0,0,0,0,1,0,0,0,1
8281,25000.0,29.0,652,5,32,65000,60000.0,0,1,0,1,0,0,1,0,1,0,0,0,0,0,1,0,0,0,1
8280,15000.0,36.0,703,8,24,51718,51717.9,1,0,0,1,0,1,0,0,0,1,0,1,0,0,0,0,0,1,0
8277,8000.0,28.0,707,8,24,12264,12264.17,0,1,1,0,0,1,0,0,1,0,0,0,0,0,1,0,0,0,1
8273,8000.0,28.0,682,6,27,18000,21598.34,1,0,0,0,1,1,0,0,0,1,0,0,0,0,1,0,0,0,1
8269,15000.0,22.0,679,5,28,51000,43368.84,0,1,1,0,0,1,0,0,0,0,1,0,0,0,1,0,0,1,0
8267,80000.0,32.0,646,4,32,60317,51343.48,0,1,0,1,0,0,1,0,1,0,0,1,0,0,0,0,0,1,0
8265,13500.0,25.0,705,8,24,20152,20152.0,0,1,1,0,0,1,0,0,1,0,0,0,0,0,1,0,0,0,1
8264,12000.0,21.0,649,3,32,12600,12600.89,0,1,0,0,1,1,0,0,1,0,0,0,0,0,1,0,0,1,0
8261,35000.0,32.0,696,4,25,54000,23573.82,0,1,0,1,0,0,1,0,1,0,0,1,0,0,0,0,0,1,0
8246,12000.0,21.0,669,7,29,36330,36329.48,0,1,0,0,1,1,0,0,0,0,1,0,0,0,1,0,0,1,0
8241,23000.0,44.0,695,7,25,164534,164463.39,0,1,0,1,0,1,0,0,1,0,0,1,0,0,0,0,0,0,1
8240,11500.0,24.0,706,7,24,13500,14529.46,1,0,0,1,0,1,0,0,1,0,0,0,0,0,1,0,0,1,0
8238,30000.0,36.0,683,7,27,90000,88965.0,0,1,0,1,0,1,0,0,1,0,0,1,0,0,0,0,0,0,1
8234,39000.0,60.0,655,2,31,150000,60000.0,0,1,0,1,0,0,0,1,1,0,0,1,0,0,0,0,0,0,1
8231,10000.0,34.0,662,1,30,51000,51801.35,0,1,0,1,0,1,0,0,1,0,0,0,0,0,1,0,0,0,1
8228,13500.0,27.0,692,7,26,22000,20210.54,0,1,0,1,0,1,0,0,1,0,0,0,0,0,1,0,0,1,0
8219,30000.0,37.0,696,4,25,300000,299230.74,0,1,1,0,0,0,1,0,1,0,0,0,0,0,1,0,0,0,1
8214,26800.0,29.0,700,7,25,81409,81409.0,1,0,0,0,1,1,0,0,0,1,0,0,0,0,1,0,0,0,1
8209,21000.0,26.0,634,2,34,21000,10755.96,0,1,1,0,0,0,1,0,0,0,1,0,0,0,1,0,0,1,0
8207,80000.0,60.0,693,8,26,120000,53192.25,1,0,0,1,0,1,0,0,1,0,0,1,0,0,0,0,0,0,1
8200,120000.0,40.0,661,5,30,15000,15000.0,0,1,0,1,0,0,1,0,1,0,0,1,0,0,0,0,0,1,0
8194,20000.0,27.0,688,6,26,72000,60000.0,0,1,0,0,1,1,0,0,0,1,0,0,0,0,1,0,0,0,1
8187,19000.0,38.0,662,7,30,10424,10424.0,1,0,0,1,0,1,0,0,0,0,1,0,0,0,1,0,0,1,0
8176,100000.0,28.0,691,5,26,65000,34823.19,1,0,0,1,0,1,0,0,1,0,0,1,0,0,0,0,0,1,0
8169,8000.0,39.0,672,4,29,28000,27669.0,0,1,0,0,1,1,0,0,0,0,1,0,0,0,0,1,0,1,0
8166,20000.0,34.0,686,4,27,36748,36656.98,0,1,0,1,0,0,1,0,1,0,0,0,0,1,0,0,0,0,1
8151,25000.0,20.0,669,6,29,17000,17500.0,1,0,1,0,0,0,1,0,1,0,0,0,0,0,1,0,0,1,0
8149,40000.0,44.0,665,6,30,160000,154531.0,0,1,0,1,0,0,1,0,1,0,0,1,0,0,0,0,0,0,1
8145,15000.0,47.0,647,5,32,30000,31824.0,0,1,0,1,0,1,0,0,1,0,0,1,0,0,0,0,0,0,1
8135,25000.0,27.0,691,3,26,48000,48000.0,0,1,0,0,1,0,1,0,1,0,0,0,0,0,1,0,0,0,1
8123,16000.0,27.0,626,7,35,36000,22007.93,0,1,0,1,0,1,0,0,1,0,0,0,0,0,1,0,0,0,1
8111,45000.0,29.0,646,5,32,16426,16202.0,0,1,0,1,0,1,0,0,1,0,0,1,0,0,0,0,0,1,0
8109,16000.0,58.0,652,1,32,126000,66000.0,0,1,0,0,1,1,0,0,1,0,0,0,0,0,1,0,0,0,1
8108,10000.0,39.0,639,5,33,41049,41049.7,1,0,0,1,0,1,0,0,1,0,0,0,0,0,1,0,0,0,1
8098,40000.0,31.0,701,7,25,69494,56878.09,0,1,0,0,1,1,0,0,1,0,0,1,0,0,0,0,0,1,0
8090,37000.0,23.0,633,0,34,44000,47274.0,0,1,0,1,0,1,0,0,1,0,0,0,0,0,1,0,0,1,0
8081,7500.0,25.0,698,7,25,10672,10672.72,0,1,0,0,1,1,0,0,0,0,1,0,0,0,1,0,0,1,0
8080,24000.0,26.0,649,5,32,10000,12233.0,0,1,0,0,1,1,0,0,1,0,0,0,0,0,0,1,0,1,0
8069,12000.0,30.0,677,8,28,22000,21606.16,1,0,1,0,0,0,1,0,0,0,1,1,0,0,0,0,0,1,0
8066,120000.0,40.0,656,4,31,45000,44915.0,0,1,0,1,0,0,1,0,1,0,0,1,0,0,0,0,0,1,0
8062,30000.0,26.0,641,4,33,94868,27366.46,0,1,0,1,0,1,0,0,0,1,0,0,0,0,1,0,0,0,1
8061,20000.0,23.0,640,2,33,38755,38754.0,0,1,0,0,1,0,1,0,1,0,0,0,0,0,1,0,0,0,1
8058,10000.0,34.0,676,4,28,60000,58969.0,0,1,1,0,0,1,0,0,1,0,0,0,0,0,1,0,0,0,1
8055,9500.0,25.0,653,4,31,17211,17211.52,0,1,0,1,0,1,0,0,1,0,0,0,0,0,1,0,0,0,1
8053,12000.0,29.0,682,4,27,10960,10487.69,1,0,0,1,0,1,0,0,1,0,0,0,0,0,1,0,0,1,0
8037,15000.0,33.0,655,2,31,71000,64349.0,0,1,0,1,0,1,0,0,1,0,0,1,0,0,0,0,0,0,1
8032,10000.0,24.0,661,5,30,29800,20445.17,1,0,0,1,0,1,0,0,1,0,0,1,0,0,0,0,0,1,0
8031,10600.0,31.0,656,6,31,100751,100751.86,1,0,1,0,0,1,0,0,1,0,0,0,0,0,1,0,0,0,1
8030,19000.0,31.0,633,3,34,45951,45951.06,1,0,0,0,1,1,0,0,1,0,0,0,0,0,1,0,0,0,1
8024,20000.0,47.0,683,5,27,59427,59428.65,0,1,0,0,1,0,1,0,1,0,0,1,0,0,0,0,0,0,1
8023,11200.0,27.0,679,7,28,41000,36540.0,0,1,0,1,0,0,1,0,1,0,0,0,0,0,1,0,0,1,0
8018,10000.0,29.0,649,3,32,13582,13582.0,0,1,1,0,0,1,0,0,1,0,0,1,0,0,0,0,0,0,1
8015,10000.0,29.0,649,3,32,13582,14755.2,0,1,1,0,0,1,0,0,1,0,0,1,0,0,0,0,0,0,1
8010,20000.0,39.0,670,3,29,58790,58790.47,1,0,0,1,0,1,0,0,1,0,0,1,0,0,0,0,0,0,1
7994,5000.0,28.0,638,6,34,6500,6500.0,1,0,0,0,1,1,0,0,0,0,1,0,0,0,1,0,0,1,0
7993,10500.0,21.0,691,7,26,14800,14800.0,0,1,1,0,0,1,0,0,0,0,1,0,0,0,1,0,0,1,0
7977,30000.0,29.0,679,6,28,34800,34780.89,0,1,0,1,0,1,0,0,1,0,0,1,0,0,0,0,0,0,1
7976,12000.0,22.0,641,3,33,17000,17400.22,0,1,1,0,0,0,1,0,0,0,1,0,0,0,1,0,0,1,0
7974,22000.0,28.0,696,6,25,50000,57166.09,0,1,1,0,0,1,0,0,0,1,0,0,0,0,1,0,0,0,1
7970,27000.0,29.0,693,6,26,36000,31060.04,0,1,1,0,0,1,0,0,1,0,0,0,0,0,1,0,0,0,1
7964,40000.0,32.0,695,4,25,92000,60000.0,0,1,0,0,1,1,0,0,0,1,0,1,0,0,0,0,0,1,0
7960,6000.0,25.0,677,7,28,12000,11700.0,0,1,0,0,1,1,0,0,1,0,0,0,0,0,1,0,0,1,0
7950,13000.0,27.0,640,6,33,23500,23000.0,0,1,1,0,0,1,0,0,1,0,0,0,0,0,1,0,0,0,1
7940,12000.0,57.0,694,6,26,33217,30111.76,1,0,0,1,0,1,0,0,0,0,1,1,0,0,0,0,0,0,1
7914,10000.0,27.0,677,3,28,16127,16127.0,0,1,0,1,0,1,0,0,1,0,0,0,0,0,1,0,0,0,1
7913,60000.0,33.0,688,4,26,110562,239179.39,0,1,0,1,0,0,1,0,1,0,0,0,0,0,1,0,0,0,1
7912,40000.0,44.0,707,9,24,18446,18446.0,0,1,0,1,0,0,1,0,1,0,0,1,0,0,0,0,0,0,1
7911,10000.0,27.0,677,3,28,7877,7877.0,0,1,0,1,0,1,0,0,1,0,0,0,0,0,1,0,0,0,1
7908,8000.0,30.0,627,5,35,13000,12816.29,1,0,0,1,0,1,0,0,1,0,0,0,0,0,1,0,0,1,0
7905,5000.0,23.0,700,8,25,6500,6452.63,0,1,0,1,0,1,0,0,1,0,0,0,0,0,1,0,0,1,0
7897,6000.0,32.0,691,3,26,10000,7325.0,1,0,1,0,0,1,0,0,0,0,1,0,0,0,1,0,0,0,1
7891,18000.0,22.0,690,4,26,14000,13547.53,0,1,0,1,0,1,0,0,1,0,0,0,0,0,1,0,0,0,1
7877,33800.0,30.0,709,8,23,16393,20379.19,0,1,1,0,0,1,0,0,1,0,0,0,0,0,1,0,0,1,0
7875,24000.0,24.0,706,8,24,20000,25138.0,0,1,0,1,0,0,1,0,0,0,1,0,0,0,1,0,0,1,0
7874,12000.0,26.0,701,8,25,50000,54936.0,0,1,1,0,0,0,1,0,1,0,0,0,0,0,1,0,0,1,0
7872,35000.0,36.0,628,7,35,194410,311237.59,1,0,0,1,0,1,0,0,0,1,0,1,0,0,0,0,0,0,1
7868,20000.0,32.0,643,7,33,57284,57283.62,0,1,1,0,0,0,1,0,1,0,0,1,0,0,0,0,0,0,1
7865,21000.0,26.0,639,3,33,20000,20816.8,1,0,0,1,0,1,0,0,1,0,0,0,0,0,1,0,0,1,0
7856,120000.0,40.0,656,4,31,95000,95067.0,0,1,0,1,0,0,1,0,1,0,0,1,0,0,0,0,0,0,1
7830,14000.0,35.0,646,3,32,34800,34776.32,0,1,1,0,0,1,0,0,1,0,0,0,0,0,1,0,0,1,0
7822,6000.0,37.0,717,9,22,16363,16320.97,0,1,0,1,0,0,1,0,0,0,1,0,0,0,1,0,0,1,0
7821,16000.0,27.0,687,7,27,80100,28842.44,0,1,0,0,1,1,0,0,0,0,1,1,0,0,0,0,0,0,1
7818,36800.0,43.0,706,5,24,106000,60000.0,0,1,0,1,0,1,0,0,1,0,0,1,0,0,0,0,0,0,1
7817,30000.0,56.0,637,8,34,29263,29263.16,0,1,0,0,1,1,0,0,0,1,0,1,0,0,0,0,0,0,1
7815,6700.0,61.0,650,6,32,13310,13308.46,0,1,0,0,1,1,0,0,1,0,0,1,0,0,0,0,0,0,1
7802,10000.0,46.0,698,5,25,31000,32650.91,0,1,0,1,0,1,0,0,1,0,0,1,0,0,0,0,0,1,0
7794,4000.0,43.0,652,1,32,10000,9218.0,0,1,1,0,0,1,0,0,0,0,1,1,0,0,0,0,0,0,1
7790,5000.0,25.0,677,7,28,9419,9419.0,0,1,0,1,0,1,0,0,0,0,1,0,0,0,1,0,0,1,0
7785,25000.0,27.0,690,7,26,27000,26827.64,0,1,0,0,1,1,0,0,1,0,0,0,0,0,0,1,0,1,0
7779,5900.0,25.0,625,7,35,7400,7320.0,0,1,1,0,0,1,0,0,0,0,1,0,0,0,1,0,0,1,0
7776,30000.0,28.0,684,7,27,13500,11587.75,1,0,0,0,1,1,0,0,1,0,0,0,0,0,1,0,0,1,0
7772,6000.0,24.0,667,3,29,22231,22231.66,1,0,0,1,0,1,0,0,1,0,0,0,0,0,1,0,0,0,1
7769,15000.0,30.0,650,1,32,32000,32452.91,0,1,0,1,0,1,0,0,1,0,0,0,0,0,1,0,0,0,1
7761,26000.0,31.0,703,6,24,46440,46432.99,0,1,0,1,0,1,0,0,1,0,0,1,0,0,0,0,0,0,1
7759,60000.0,31.0,696,7,25,306977,306977.9,1,0,0,1,0,1,0,0,0,1,0,1,0,0,0,0,0,0,1
7756,12000.0,32.0,681,7,27,53000,54059.0,1,0,0,1,0,1,0,0,1,0,0,0,0,0,0,1,0,0,1
7747,19000.0,26.0,689,7,26,44747,44747.79,1,0,0,0,1,1,0,0,1,0,0,0,0,0,1,0,0,1,0
7743,12000.0,28.0,695,6,25,10597,10597.82,0,1,0,1,0,0,1,0,1,0,0,0,0,0,1,0,0,1,0
7741,50000.0,26.0,654,5,31,77195,45611.82,0,1,1,0,0,0,1,0,0,1,0,0,0,0,1,0,0,1,0
7740,15000.0,64.0,642,3,33,18600,19280.0,0,1,0,0,1,0,1,0,0,1,0,1,0,0,0,0,0,0,1
7730,30000.0,30.0,676,3,28,27000,42709.29,0,1,1,0,0,1,0,0,1,0,0,1,0,0,0,0,0,0,1
7728,10000.0,39.0,643,1,33,72330,71778.87,0,1,0,0,1,0,1,0,1,0,0,1,0,0,0,0,0,0,1
7725,15000.0,28.0,662,5,30,15166,15166.0,0,1,0,1,0,1,0,0,1,0,0,0,0,0,1,0,0,1,0
7721,6000.0,24.0,646,7,32,13000,13000.0,0,1,0,1,0,0,1,0,1,0,0,0,0,0,1,0,0,0,1
7714,18115.0,35.0,705,8,24,52223,52223.76,1,0,0,0,1,1,0,0,1,0,0,0,0,0,0,1,0,1,0
7713,7000.0,21.0,668,7,29,24218,24218.0,0,1,1,0,0,1,0,0,0,0,1,0,0,0,1,0,0,0,1
7708,45000.0,39.0,670,3,29,162000,116718.91,1,0,0,1,0,1,0,0,1,0,0,1,0,0,0,0,0,0,1
7696,8000.0,24.0,678,5,28,17975,17974.27,1,0,0,0,1,1,0,0,1,0,0,0,0,0,1,0,0,1,0
7695,20000.0,30.0,698,7,25,26000,26000.0,1,0,0,0,1,0,1,0,1,0,0,0,0,0,0,1,0,1,0
7694,15000.0,24.0,651,7,32,20488,21818.0,0,1,1,0,0,1,0,0,1,0,0,1,0,0,0,0,0,1,0
7689,9000.0,61.0,700,8,25,30074,30074.01,0,1,0,1,0,1,0,0,1,0,0,1,0,0,0,0,0,0,1
7687,25000.0,27.0,680,4,28,17688,17688.0,0,1,0,1,0,0,1,0,0,1,0,0,0,0,1,0,0,0,1
7675,20000.0,30.0,625,2,35,13860,13859.87,0,1,1,0,0,0,1,0,1,0,0,0,0,0,1,0,0,0,1
7673,30000.0,34.0,685,4,27,46000,46093.0,1,0,0,1,0,1,0,0,1,0,0,1,0,0,0,0,0,0,1
7668,8600.0,27.0,688,8,26,19690,19690.8,0,1,0,1,0,1,0,0,0,1,0,0,0,0,1,0,0,1,0
7660,9000.0,27.0,707,7,24,25000,24744.77,0,1,1,0,0,0,1,0,0,0,1,0,0,0,1,0,0,0,1
7656,7000.0,21.0,668,7,29,23000,22879.34,0,1,1,0,0,1,0,0,0,0,1,0,0,0,1,0,0,0,1
7655,12000.0,30.0,686,3,27,20000,19376.92,0,1,1,0,0,1,0,0,1,0,0,0,0,0,1,0,0,0,1
7654,10650.0,23.0,691,4,26,50000,51300.0,0,1,1,0,0,1,0,0,1,0,0,0,0,0,1,0,0,0,1
7651,7000.0,28.0,641,4,33,17884,17883.72,0,1,1,0,0,1,0,0,0,0,1,0,0,0,1,0,0,0,1
7650,8000.0,31.0,632,6,34,15000,15887.0,0,1,1,0,0,0,1,0,1,0,0,0,0,0,1,0,0,1,0
7643,32000.0,31.0,703,5,24,29110,29110.17,0,1,0,1,0,1,0,0,1,0,0,0,0,0,1,0,0,0,1
7635,14000.0,28.0,679,5,28,30686,30685.5,0,1,0,1,0,1,0,0,1,0,0,0,0,0,1,0,0,0,1
7630,16800.0,26.0,659,3,31,21000,27984.4,0,1,0,0,1,1,0,0,1,0,0,0,0,0,1,0,0,0,1
7624,15000.0,33.0,681,5,27,47398,47393.06,1,0,1,0,0,1,0,0,1,0,0,0,0,0,1,0,0,0,1
7619,15000.0,28.0,682,4,27,20000,19891.0,1,0,0,1,0,1,0,0,1,0,0,1,0,0,0,0,0,0,1
7611,40000.0,30.0,694,4,26,25000,5699.69,0,1,0,1,0,0,1,0,1,0,0,0,0,0,1,0,0,0,1
7603,20000.0,21.0,654,5,31,21000,21000.0,0,1,1,0,0,0,1,0,1,0,0,0,0,0,1,0,0,0,1
7600,15000.0,20.0,657,4,31,16923,16923.0,0,1,0,1,0,0,1,0,0,0,1,0,0,0,1,0,0,1,0
7599,16000.0,27.0,706,8,24,20000,31782.98,1,0,0,1,0,1,0,0,1,0,0,1,0,0,0,0,0,1,0
7579,50000.0,29.0,702,3,24,30000,28633.93,0,1,0,1,0,0,1,0,0,1,0,0,0,0,0,1,0,0,1
7578,7800.0,29.0,697,6,25,27436,18359.76,1,0,1,0,0,1,0,0,1,0,0,0,0,0,1,0,0,0,1
7568,4600.0,35.0,708,8,24,15000,11728.92,1,0,1,0,0,1,0,0,1,0,0,0,0,0,1,0,0,1,0
7565,30000.0,37.0,687,5,27,45000,43421.58,0,1,0,0,1,1,0,0,1,0,0,1,0,0,0,0,0,0,1
7554,20000.0,42.0,646,4,32,24000,23570.55,1,0,1,0,0,1,0,0,1,0,0,0,0,0,1,0,0,0,1
7552,6000.0,21.0,668,7,29,23000,22879.34,0,1,0,1,0,1,0,0,0,0,1,0,0,0,1,0,0,1,0
7551,12000.0,24.0,679,7,28,30000,27657.87,1,0,0,1,0,0,1,0,1,0,0,0,0,0,1,0,0,1,0
7544,10000.0,27.0,626,5,35,40000,40470.0,0,1,0,0,1,1,0,0,1,0,0,1,0,0,0,0,0,0,1
7525,30000.0,29.0,693,6,26,25000,27988.45,0,1,0,1,0,1,0,0,1,0,0,1,0,0,0,0,0,0,1
7519,18700.0,25.0,682,3,27,27601,27601.27,0,1,0,1,0,1,0,0,1,0,0,0,0,0,1,0,0,1,0
7507,40000.0,40.0,675,2,28,47500,47592.4,0,1,1,0,0,0,1,0,1,0,0,1,0,0,0,0,0,1,0
7501,50000.0,36.0,686,5,27,367000,60000.0,1,0,0,1,0,0,1,0,1,0,0,0,0,0,0,1,0,0,1
7494,20000.0,25.0,689,4,26,19800,19800.0,0,1,1,0,0,1,0,0,1,0,0,0,0,0,1,0,0,1,0
7490,10000.0,29.0,658,4,31,13000,9739.25,0,1,0,0,1,1,0,0,0,0,1,0,0,0,1,0,0,1,0
7488,25000.0,30.0,715,6,23,34000,34906.0,0,1,0,0,1,1,0,0,1,0,0,0,0,0,1,0,0,0,1
7485,60000.0,31.0,631,1,35,111535,105672.39,0,1,0,0,1,0,1,0,1,0,0,0,0,0,1,0,0,0,1
7467,5000.0,24.0,634,3,34,10892,10892.27,0,1,0,0,1,1,0,0,1,0,0,0,0,0,1,0,0,0,1
7462,60000.0,24.0,638,6,34,55000,55000.0,0,1,0,1,0,0,1,0,1,0,0,0,0,0,1,0,0,1,0
7457,30000.0,30.0,701,4,25,70000,14509.03,0,1,0,1,0,0,1,0,1,0,0,1,0,0,0,0,0,0,1
7445,14000.0,23.0,659,5,31,47566,47565.87,0,1,1,0,0,1,0,0,1,0,0,0,0,0,1,0,0,0,1
7424,20000.0,28.0,648,2,32,75000,76800.7,0,1,1,0,0,0,1,0,1,0,0,0,0,0,1,0,0,0,1
7420,16000.0,43.0,639,4,33,46300,49483.0,1,0,0,1,0,0,1,0,1,0,0,1,0,0,0,0,0,1,0
7417,26000.0,34.0,637,2,34,29696,29696.0,0,1,1,0,0,1,0,0,1,0,0,1,0,0,0,0,0,0,1
7407,15000.0,27.0,689,7,26,13794,13794.65,0,1,0,1,0,1,0,0,0,0,1,0,0,0,1,0,0,1,0
7405,5550.0,26.0,654,7,31,7000,6502.9,0,1,1,0,0,1,0,0,1,0,0,0,0,0,1,0,0,1,0
7404,10000.0,23.0,698,6,25,17300,17300.0,0,1,1,0,0,1,0,0,1,0,0,0,0,0,1,0,0,0,1
7397,20000.0,25.0,672,7,29,8966,8966.0,1,0,0,1,0,0,1,0,1,0,0,1,0,0,0,0,0,1,0
7387,14000.0,25.0,668,4,29,26300,21344.0,0,1,1,0,0,1,0,0,1,0,0,0,0,0,1,0,0,1,0
7386,10200.0,28.0,702,6,24,27506,27506.0,0,1,0,1,0,1,0,0,1,0,0,0,0,0,1,0,0,0,1
7383,15000.0,52.0,631,6,35,73388,73383.3,1,0,0,1,0,1,0,0,1,0,0,1,0,0,0,0,0,0,1
7376,40000.0,50.0,629,5,35,55390,55390.0,0,1,0,1,0,1,0,0,1,0,0,1,0,0,0,0,0,0,1
7374,70000.0,37.0,686,3,27,138000,143450.0,0,1,1,0,0,1,0,0,1,0,0,0,0,0,1,0,0,0,1
7370,21764.0,48.0,688,6,26,94000,60000.0,0,1,0,1,0,1,0,0,0,0,1,1,0,0,0,0,0,1,0
7369,13000.0,32.0,642,5,33,14000,14100.0,0,1,0,0,1,1,0,0,1,0,0,0,0,0,1,0,0,0,1
7358,9425.0,25.0,651,4,32,28267,30535.54,0,1,0,0,1,1,0,0,1,0,0,0,0,0,1,0,0,0,1
7356,19000.0,38.0,642,4,33,52200,30677.97,1,0,0,1,0,1,0,0,0,0,1,0,0,0,1,0,0,1,0
7330,200000.0,45.0,643,2,33,169759,169759.41,0,1,0,1,0,0,1,0,0,0,1,0,0,0,0,0,1,0,1
7328,4600.0,22.0,701,6,25,8616,8616.87,0,1,0,0,1,1,0,0,0,0,1,0,0,0,1,0,0,1,0
7327,25000.0,42.0,688,5,26,70000,60364.92,0,1,0,1,0,0,1,0,1,0,0,0,1,0,0,0,0,0,1
7326,4000.0,32.0,629,4,35,7300,13424.83,0,1,1,0,0,1,0,0,1,0,0,0,0,0,1,0,0,0,1
7319,300000.0,48.0,656,6,31,104825,60000.0,1,0,0,1,0,0,1,0,1,0,0,1,0,0,0,0,0,0,1
7303,15000.0,53.0,686,5,27,68000,68000.0,1,0,0,1,0,1,0,0,0,0,1,0,0,0,1,0,0,0,1
7290,18000.0,25.0,677,6,28,10100,10100.0,0,1,1,0,0,1,0,0,1,0,0,0,0,0,1,0,0,1,0
7280,40000.0,55.0,662,7,30,60000,60077.0,0,1,0,1,0,0,1,0,1,0,0,0,1,0,0,0,0,0,1
7272,7000.0,29.0,634,3,34,18000,17700.0,0,1,0,1,0,1,0,0,0,0,1,0,0,0,1,0,0,0,1
7267,13000.0,28.0,685,4,27,60000,8910.05,1,0,1,0,0,1,0,0,1,0,0,0,0,0,1,0,0,0,1
7262,18000.0,25.0,677,7,28,19400,19500.0,0,1,0,1,0,1,0,0,1,0,0,0,0,0,1,0,0,1,0
7254,15000.0,36.0,710,8,23,9900,9681.11,0,1,0,1,0,1,0,0,1,0,0,0,0,0,1,0,0,1,0
7248,19000.0,31.0,645,3,33,28000,29696.0,0,1,1,0,0,1,0,0,0,1,0,1,0,0,0,0,0,0,1
7246,13000.0,28.0,636,3,34,22000,22349.0,0,1,1,0,0,1,0,0,1,0,0,0,0,0,1,0,0,0,1
7243,15000.0,41.0,648,4,32,142000,142000.0,0,1,0,1,0,1,0,0,1,0,0,1,0,0,0,0,0,0,1
7236,20000.0,32.0,629,1,35,44190,26226.41,0,1,1,0,0,1,0,0,1,0,0,0,0,0,1,0,0,0,1
7234,9200.0,34.0,708,8,24,30000,31246.0,1,0,1,0,0,1,0,0,1,0,0,0,0,0,1,0,0,0,1
7222,10000.0,23.0,678,6,28,10465,10465.0,0,1,1,0,0,1,0,0,1,0,0,0,0,0,1,0,0,1,0
7217,10000.0,23.0,678,6,28,10500,10465.0,0,1,1,0,0,1,0,0,1,0,0,0,0,0,1,0,0,0,1
7171,20000.0,30.0,703,8,24,20371,20371.24,0,1,0,0,1,0,1,0,1,0,0,0,0,0,1,0,0,1,0
7170,8000.0,32.0,633,6,34,7857,7857.29,1,0,1,0,0,0,1,0,0,0,1,1,0,0,0,0,0,0,1
7167,8000.0,23.0,660,2,30,21661,21900.0,0,1,1,0,0,0,1,0,1,0,0,0,0,0,1,0,0,1,0
7162,25000.0,37.0,688,4,26,81800,60000.0,1,0,1,0,0,1,0,0,1,0,0,0,0,0,1,0,0,0,1
7160,5600.0,23.0,680,8,28,8300,7432.12,1,0,1,0,0,1,0,0,0,0,1,1,0,0,0,0,0,1,0
7158,15000.0,29.0,681,5,27,40493,39319.02,1,0,1,0,0,0,1,0,1,0,0,1,0,0,0,0,0,0,1
7152,7500.0,29.0,647,4,32,27268,27361.84,0,1,1,0,0,1,0,0,0,0,1,0,0,0,1,0,0,0,1
7151,8000.0,26.0,651,5,32,13000,15724.08,1,0,1,0,0,1,0,0,0,0,1,0,0,0,0,1,0,0,1
7128,10000.0,26.0,693,8,26,17012,17012.03,0,1,1,0,0,0,1,0,1,0,0,1,0,0,0,0,0,1,0
7126,6200.0,34.0,661,5,30,13600,13624.3,0,1,0,1,0,1,0,0,1,0,0,0,0,0,1,0,0,1,0
7112,13000.0,29.0,682,7,27,9867,9867.4,1,0,0,1,0,0,1,0,0,0,1,0,0,0,0,1,0,1,0
7108,25000.0,32.0,682,3,27,40000,32653.28,0,1,0,1,0,0,1,0,1,0,0,1,0,0,0,0,0,0,1
7097,37300.0,29.0,678,3,28,35694,36340.53,1,0,0,0,1,1,0,0,0,1,0,0,0,0,0,1,0,1,0
7078,25000.0,34.0,686,4,27,50000,50623.11,0,1,0,1,0,0,1,0,1,0,0,1,0,0,0,0,0,0,1
7061,40000.0,28.0,698,8,25,50000,45133.29,0,1,0,0,1,0,1,0,1,0,0,0,0,0,0,1,0,1,0
7060,14000.0,24.0,675,4,28,36967,36967.22,0,1,0,1,0,1,0,0,1,0,0,0,0,0,1,0,0,0,1
7055,30000.0,22.0,679,3,28,40000,40761.73,0,1,1,0,0,0,1,0,1,0,0,0,0,0,1,0,0,0,1
7054,30000.0,29.0,680,7,28,26352,26352.14,0,1,0,1,0,0,1,0,1,0,0,1,0,0,0,0,0,1,0
7045,24000.0,36.0,671,4,29,60000,44282.64,0,1,0,0,1,1,0,0,1,0,0,0,0,0,1,0,0,0,1
7033,14000.0,25.0,662,4,30,55500,55461.42,0,1,1,0,0,1,0,0,1,0,0,0,0,0,1,0,0,0,1
7025,15000.0,30.0,637,3,34,20000,14738.75,0,1,1,0,0,0,1,0,0,0,1,0,0,0,1,0,0,0,1
7014,25000.0,45.0,694,4,26,20900,11615.75,0,1,0,1,0,1,0,0,0,0,1,0,0,0,1,0,0,1,0
7010,16000.0,31.0,700,5,25,36000,21023.6,0,1,1,0,0,1,0,0,0,0,1,0,0,0,1,0,0,0,1
6989,9000.0,23.0,655,3,31,14939,14939.52,1,0,0,1,0,0,1,0,0,0,1,1,0,0,0,0,0,0,1
6956,6500.0,24.0,664,6,30,19845,20619.0,0,1,0,1,0,1,0,0,1,0,0,0,0,0,1,0,0,0,1
6954,14070.0,29.0,698,3,25,85996,85336.63,0,1,1,0,0,1,0,0,0,1,0,0,0,0,1,0,0,0,1
6947,11500.0,26.0,638,3,34,38446,37451.25,0,1,0,1,0,1,0,0,1,0,0,1,0,0,0,0,0,0,1
6933,40000.0,43.0,654,8,31,100000,60000.0,0,1,0,1,0,0,1,0,1,0,0,1,0,0,0,0,0,0,1
6930,7000.0,27.0,686,8,27,12000,12000.0,1,0,0,1,0,1,0,0,0,1,0,0,0,0,1,0,0,0,1
6929,10000.0,29.0,668,7,29,22768,22768.44,0,1,1,0,0,1,0,0,1,0,0,0,1,0,0,0,0,0,1
6916,12000.0,28.0,657,4,31,53213,53212.07,1,0,1,0,0,1,0,0,0,1,0,0,0,0,1,0,0,0,1
6915,15000.0,26.0,625,5,35,31422,31562.33,0,1,1,0,0,1,0,0,0,0,1,0,0,0,1,0,0,1,0
6906,25500.0,32.0,718,8,22,15906,15906.0,0,1,0,0,1,1,0,0,1,0,0,0,0,0,1,0,0,1,0
6901,20000.0,21.0,642,4,33,21000,21000.0,0,1,1,0,0,0,1,0,0,0,1,0,0,0,1,0,0,1,0
6883,30000.0,35.0,693,8,26,88169,88168.13,1,0,0,1,0,1,0,0,1,0,0,0,0,0,1,0,0,0,1
6851,20000.0,31.0,711,8,23,45000,43000.0,0,1,0,1,0,1,0,0,0,1,0,0,0,0,1,0,0,1,0
6844,12000.0,29.0,694,5,26,87000,84753.0,0,1,1,0,0,1,0,0,0,0,1,0,0,0,1,0,0,0,1
6840,24000.0,22.0,655,7,31,21000,21608.0,0,1,0,0,1,0,1,0,1,0,0,0,0,0,1,0,0,1,0
6827,7000.0,23.0,691,8,26,7000,9500.0,1,0,1,0,0,1,0,0,1,0,0,0,0,0,1,0,0,1,0
6809,11000.0,31.0,683,3,27,100000,100171.64,0,1,1,0,0,1,0,0,0,0,1,0,0,0,0,1,0,0,1
6802,63000.0,37.0,697,8,25,34790,32148.62,0,1,0,0,1,0,1,0,0,1,0,1,0,0,0,0,0,1,0
6782,12000.0,30.0,676,8,28,36670,36656.52,0,1,0,1,0,1,0,0,1,0,0,0,0,0,0,1,0,0,1
6768,80000.0,19.0,649,5,32,19612,16161.79,0,1,1,0,0,0,1,0,0,0,1,0,0,0,1,0,0,1,0
6767,12000.0,33.0,682,7,27,9311,9311.0,1,0,0,0,1,1,0,0,0,1,0,1,0,0,0,0,0,1,0
6757,24000.0,34.0,637,2,34,65000,25263.26,0,1,0,0,1,1,0,0,1,0,0,1,0,0,0,0,0,0,1
6756,14000.0,24.0,675,4,28,108873,108874.42,0,1,0,1,0,1,0,0,0,0,1,0,0,0,1,0,0,0,1
6752,12000.0,33.0,701,7,25,60000,60000.0,0,1,0,1,0,1,0,0,1,0,0,0,0,0,1,0,0,0,1
6749,13500.0,29.0,646,6,32,66000,36965.0,0,1,0,1,0,1,0,0,0,1,0,0,0,0,1,0,0,0,1
6742,8468.0,55.0,629,4,35,15200,15104.19,1,0,0,1,0,1,0,0,0,0,1,0,0,0,1,0,0,0,1
6721,30000.0,25.0,649,6,32,80000,60000.0,0,1,1,0,0,0,1,0,1,0,0,0,0,0,1,0,0,1,0
6700,15000.0,34.0,677,4,28,27500,27592.35,0,1,1,0,0,1,0,0,1,0,0,1,0,0,0,0,0,0,1
6689,20000.0,30.0,629,1,35,6000,5026.42,0,1,0,0,1,1,0,0,1,0,0,0,0,0,1,0,0,1,0
6684,60000.0,34.0,679,6,28,51514,51514.32,1,0,0,1,0,0,1,0,1,0,0,1,0,0,0,0,0,0,1
6667,10000.0,27.0,643,2,33,32558,29325.85,0,1,1,0,0,1,0,0,1,0,0,1,0,0,0,0,0,0,1
6663,19000.0,26.0,645,1,33,76000,74534.0,0,1,0,1,0,1,0,0,1,0,0,0,0,0,1,0,0,0,1
6662,15550.0,27.0,671,8,29,13475,14267.86,0,1,0,0,1,0,1,0,1,0,0,0,0,0,1,0,0,1,0
6657,200000.0,23.0,671,2,29,38430,38430.0,0,1,1,0,0,0,1,0,1,0,0,0,0,0,1,0,0,1,0
6653,15000.0,27.0,671,8,29,13475,14267.86,0,1,0,0,1,0,1,0,1,0,0,0,0,0,1,0,0,0,1
6652,29500.0,31.0,636,5,34,13700,13699.26,0,1,0,1,0,1,0,0,0,1,0,0,0,0,1,0,0,1,0
6639,22000.0,32.0,675,8,28,31000,30590.0,1,0,1,0,0,1,0,0,0,1,0,0,0,0,1,0,0,1,0
6627,9002.0,29.0,660,2,30,9205,9204.6,0,1,1,0,0,1,0,0,1,0,0,0,0,0,1,0,0,1,0
6625,15000.0,52.0,694,8,26,30000,23403.52,0,1,0,1,0,0,1,0,1,0,0,1,0,0,0,0,0,1,0
6593,19000.0,26.0,694,5,26,65000,55700.0,0,1,1,0,0,1,0,0,1,0,0,0,0,0,1,0,0,0,1
6585,86000.0,37.0,666,2,30,160000,60000.0,1,0,0,1,0,1,0,0,1,0,0,1,0,0,0,0,0,0,1
6564,20000.0,45.0,687,7,27,41228,41228.0,1,0,1,0,0,1,0,0,1,0,0,0,0,0,1,0,0,1,0
6562,17200.0,33.0,625,5,35,54802,64226.79,0,1,1,0,0,1,0,0,0,1,0,0,0,0,1,0,0,0,1
6559,30000.0,24.0,697,4,25,39517,38720.74,0,1,1,0,0,1,0,0,1,0,0,0,0,0,1,0,0,1,0
6553,100000.0,51.0,715,8,23,151093,151093.65,0,1,0,1,0,0,1,0,1,0,0,1,0,0,0,0,0,0,1
6550,8000.0,24.0,672,5,29,16100,16078.09,1,0,0,0,1,1,0,0,1,0,0,0,0,0,1,0,0,1,0
6548,23200.0,50.0,675,6,28,129140,129141.68,0,1,0,0,1,1,0,0,1,0,0,0,0,1,0,0,0,0,1
6546,10000.0,37.0,635,6,34,13959,13959.91,1,0,0,1,0,1,0,0,1,0,0,0,0,0,1,0,0,0,1
6544,100000.0,51.0,715,8,23,151093,151093.0,0,1,0,1,0,0,1,0,0,1,0,1,0,0,0,0,0,0,1
6532,16000.0,53.0,675,6,28,28355,28355.0,1,0,0,1,0,1,0,0,1,0,0,0,1,0,0,0,0,0,1
6508,50000.0,42.0,667,7,29,14208,14208.19,0,1,1,0,0,1,0,0,0,1,0,1,0,0,0,0,0,0,1
6498,20000.0,34.0,642,2,33,10021,10021.27,0,1,1,0,0,0,1,0,0,0,1,0,0,0,1,0,0,0,1
6496,9000.0,30.0,666,5,30,10937,11020.0,1,0,0,0,1,1,0,0,1,0,0,0,0,0,0,1,0,0,1
6482,18000.0,25.0,668,6,29,30000,30000.0,0,1,0,1,0,1,0,0,1,0,0,0,0,0,0,1,0,0,1
6478,17000.0,29.0,637,3,34,130000,113543.54,0,1,1,0,0,1,0,0,1,0,0,0,0,0,1,0,0,0,1
6459,13000.0,25.0,680,7,28,87000,87338.41,0,1,1,0,0,1,0,0,1,0,0,0,0,0,1,0,0,0,1
6453,13000.0,25.0,680,7,28,87340,87340.0,0,1,1,0,0,1,0,0,1,0,0,0,0,0,1,0,0,0,1
6439,24000.0,36.0,693,5,26,54526,54525.0,0,1,0,1,0,1,0,0,0,1,0,0,0,0,1,0,0,1,0
6418,18000.0,32.0,680,8,28,50303,50303.09,1,0,0,1,0,1,0,0,1,0,0,1,0,0,0,0,0,0,1
6416,20000.0,34.0,639,4,33,49000,50154.0,0,1,1,0,0,0,1,0,0,0,1,0,0,0,1,0,0,0,1
6404,22000.0,33.0,698,6,25,181000,60000.0,1,0,1,0,0,1,0,0,0,1,0,0,0,0,1,0,0,0,1
6401,15000.0,21.0,642,4,33,21000,21292.86,0,1,1,0,0,0,1,0,0,0,1,0,0,0,1,0,0,1,0
6400,6000.0,22.0,667,3,29,8000,7709.0,1,0,0,1,0,1,0,0,1,0,0,0,0,0,1,0,0,0,1
6392,15000.0,31.0,701,4,25,30000,30000.0,0,1,0,1,0,1,0,0,1,0,0,0,0,0,1,0,0,0,1
6385,15000.0,33.0,640,2,33,150685,68985.33,0,1,1,0,0,1,0,0,0,1,0,0,0,0,0,1,0,0,1
6376,18000.0,25.0,703,7,24,16475,16475.45,0,1,0,0,1,1,0,0,1,0,0,0,0,0,0,1,0,1,0
6374,7500.0,25.0,668,7,29,13050,13052.77,0,1,0,1,0,0,1,0,1,0,0,0,0,0,1,0,0,1,0
6373,30000.0,34.0,652,6,32,25000,154081.46,0,1,0,1,0,1,0,0,1,0,0,1,0,0,0,0,0,0,1
6369,20000.0,23.0,687,4,27,75000,68424.5,0,1,1,0,0,1,0,0,0,1,0,0,0,0,1,0,0,0,1
6367,6000.0,28.0,659,2,31,16000,16165.36,1,0,0,0,1,1,0,0,0,0,1,0,0,0,0,1,0,1,0
6360,10000.0,29.0,626,3,35,28750,31029.76,1,0,0,1,0,1,0,0,1,0,0,0,0,0,1,0,0,0,1
6358,12000.0,26.0,673,3,29,27230,27220.59,0,1,1,0,0,1,0,0,0,0,1,0,0,0,1,0,0,0,1
6354,7000.0,28.0,641,2,33,18000,18569.02,1,0,0,1,0,1,0,0,1,0,0,0,0,0,1,0,0,0,1
6352,8000.0,27.0,677,3,28,7234,7233.66,0,1,0,1,0,1,0,0,1,0,0,0,0,0,1,0,0,1,0
6350,8000.0,36.0,626,2,35,15600,20000.0,1,0,1,0,0,1,0,0,1,0,0,1,0,0,0,0,0,0,1
6339,12000.0,30.0,668,5,29,25380,25380.0,0,1,1,0,0,1,0,0,1,0,0,0,0,0,0,1,0,0,1
6333,50000.0,53.0,685,3,27,16000,15970.0,0,1,0,0,1,0,1,0,0,0,1,1,0,0,0,0,0,1,0
6321,40000.0,50.0,629,6,35,87364,60000.0,0,1,1,0,0,1,0,0,1,0,0,1,0,0,0,0,0,0,1
6320,24000.0,36.0,693,5,26,51000,51604.0,0,1,0,1,0,1,0,0,0,1,0,0,0,0,1,0,0,1,0
6317,30000.0,42.0,637,1,34,51000,45468.02,0,1,0,1,0,1,0,0,1,0,0,1,0,0,0,0,0,0,1
6313,20000.0,23.0,684,3,27,15200,7016.92,0,1,1,0,0,0,1,0,0,0,1,0,0,0,1,0,0,1,0
6308,6000.0,29.0,632,6,34,14000,13999.14,0,1,0,0,1,0,1,0,1,0,0,0,0,0,1,0,0,1,0
6294,28000.0,27.0,679,4,28,55000,94000.0,0,1,0,1,0,0,1,0,0,1,0,0,0,0,1,0,0,0,1
6291,15000.0,27.0,647,5,32,9500,6000.0,1,0,1,0,0,1,0,0,1,0,0,1,0,0,0,0,0,1,0
6290,25000.0,27.0,679,4,28,51000,94000.0,0,1,0,0,1,0,1,0,0,1,0,0,0,0,1,0,0,0,1
6266,10000.0,34.0,680,8,28,24766,24765.0,1,0,0,1,0,1,0,0,1,0,0,0,0,0,0,1,0,1,0
6253,10000.0,24.0,688,3,26,13732,14056.06,1,0,0,1,0,1,0,0,1,0,0,0,0,0,1,0,0,0,1
6250,16000.0,27.0,625,2,35,35000,21486.87,1,0,1,0,0,1,0,0,1,0,0,0,0,0,1,0,0,1,0
6246,14000.0,27.0,681,4,27,27321,27321.56,1,0,1,0,0,1,0,0,1,0,0,0,0,0,1,0,0,0,1
6242,8000.0,31.0,647,7,32,12000,11740.0,0,1,0,1,0,1,0,0,0,0,1,0,0,0,0,1,0,1,0
6239,8500.0,25.0,686,7,27,15000,33016.0,0,1,0,0,1,1,0,0,1,0,0,0,0,0,1,0,0,1,0
6210,18500.0,32.0,691,5,26,7902,7902.28,1,0,1,0,0,0,1,0,1,0,0,0,0,0,1,0,0,1,0
6208,7500.0,21.0,647,3,32,18600,18597.68,0,1,1,0,0,1,0,0,0,0,1,0,0,0,1,0,0,1,0
6206,25000.0,29.0,642,3,33,42318,42318.87,0,1,0,1,0,0,1,0,1,0,0,1,0,0,0,0,0,0,1
6203,48000.0,49.0,662,8,30,265256,115345.14,1,0,0,1,0,1,0,0,0,1,0,1,0,0,0,0,0,0,1
6201,9000.0,23.0,631,5,35,8659,8658.05,0,1,0,1,0,1,0,0,0,0,1,0,0,0,1,0,0,0,1
6198,12000.0,34.0,671,7,29,8130,8130.42,0,1,1,0,0,0,1,0,0,0,1,0,0,0,1,0,0,1,0
6189,35000.0,23.0,704,4,24,57700,54157.0,0,1,1,0,0,0,1,0,0,0,1,0,0,0,1,0,0,1,0
6188,15000.0,29.0,707,8,24,63000,48120.65,0,1,0,1,0,0,1,0,1,0,0,0,0,0,1,0,0,1,0
6185,40000.0,35.0,650,4,32,19000,18953.43,0,1,0,1,0,0,1,0,1,0,0,1,0,0,0,0,0,1,0
6183,16000.0,29.0,659,4,31,100000,99006.81,0,1,1,0,0,1,0,0,0,1,0,0,0,0,1,0,0,0,1
6180,85000.0,29.0,684,3,27,300000,54469.09,0,1,0,1,0,1,0,0,0,1,0,0,0,0,1,0,0,1,0
6177,20000.0,28.0,679,7,28,17500,16214.35,0,1,0,1,0,0,1,0,1,0,0,0,0,0,1,0,0,1,0
6169,10000.0,25.0,667,7,29,13000,12128.0,0,1,1,0,0,1,0,0,1,0,0,0,0,0,0,1,0,1,0
6166,11000.0,25.0,656,2,31,6559,13857.17,0,1,1,0,0,1,0,0,1,0,0,0,0,0,1,0,0,1,0
6155,15000.0,36.0,629,1,35,27000,28984.26,1,0,1,0,0,0,1,0,0,0,1,1,0,0,0,0,0,0,1
6154,6500.0,22.0,641,5,33,6743,6743.71,0,1,1,0,0,1,0,0,1,0,0,0,0,0,1,0,0,1,0
6152,14000.0,33.0,645,8,33,19000,18975.0,0,1,0,1,0,1,0,0,1,0,0,0,0,0,0,1,0,1,0
6142,40000.0,30.0,699,7,25,150000,60000.0,0,1,1,0,0,1,0,0,1,0,0,0,0,0,1,0,0,0,1
6139,18000.0,29.0,622,7,35,32000,31334.0,0,1,0,1,0,0,1,0,1,0,0,0,0,0,1,0,0,1,0
6136,6600.0,33.0,700,8,25,16000,16030.52,0,1,0,0,1,1,0,0,0,0,1,0,0,0,1,0,0,1,0
6111,14862.0,39.0,649,3,32,47746,47746.13,0,1,0,1,0,1,0,0,1,0,0,1,0,0,0,0,0,0,1
6107,15000.0,41.0,630,1,35,26016,26016.0,0,1,0,0,1,1,0,0,1,0,0,1,0,0,0,0,0,0,1
6101,26000.0,59.0,709,8,23,34616,45145.6,0,1,0,1,0,1,0,0,1,0,0,1,0,0,0,0,0,1,0
6093,20000.0,28.0,658,4,31,20941,20941.98,0,1,0,0,1,1,0,0,1,0,0,0,0,0,1,0,0,1,0
6092,25000.0,52.0,654,8,31,150000,60000.0,0,1,0,1,0,1,0,0,1,0,0,0,0,1,0,0,0,1,0
6091,20000.0,32.0,667,5,29,15590,15590.08,0,1,0,0,1,0,1,0,0,0,1,1,0,0,0,0,0,1,0
6087,17000.0,26.0,671,7,29,33000,21912.26,1,0,1,0,0,1,0,0,1,0,0,0,0,0,1,0,0,1,0
6083,25000.0,46.0,666,4,30,30000,26324.0,1,0,1,0,0,1,0,0,1,0,0,0,0,0,0,0,1,0,1
6075,12000.0,33.0,631,7,35,21100,21062.0,1,0,0,1,0,1,0,0,1,0,0,0,0,0,1,0,0,1,0
6069,40000.0,46.0,634,1,34,60000,60000.0,0,1,0,1,0,1,0,0,1,0,0,1,0,0,0,0,0,1,0
6064,10000.0,36.0,630,2,35,16550,20000.0,1,0,1,0,0,1,0,0,1,0,0,1,0,0,0,0,0,0,1
6061,20000.0,42.0,656,7,31,64824,64824.7,1,0,0,0,1,1,0,0,0,1,0,1,0,0,0,0,0,0,1
6056,10000.0,31.0,649,7,32,19200,19266.47,1,0,0,0,1,1,0,0,1,0,0,1,0,0,0,0,0,1,0
6044,200000.0,39.0,692,2,26,60000,60000.0,0,1,0,1,0,0,1,0,0,0,1,0,1,0,0,0,0,1,0
6040,10000.0,30.0,668,6,29,48300,47730.68,0,1,1,0,0,1,0,0,1,0,0,0,0,0,0,1,0,0,1
6037,40000.0,34.0,665,4,30,100000,379644.72,0,1,0,0,1,0,1,0,1,0,0,0,0,0,1,0,0,0,1
6034,50000.0,32.0,691,3,26,31972,31972.01,0,1,0,1,0,0,1,0,1,0,0,1,0,0,0,0,0,1,0
6028,12000.0,42.0,706,6,24,92000,92000.0,0,1,1,0,0,0,1,0,0,0,1,0,0,0,1,0,0,0,1
6020,11200.0,58.0,640,6,33,10000,9169.0,0,1,0,1,0,1,0,0,1,0,0,0,0,0,0,1,0,0,1
6019,5400.0,24.0,644,5,33,7500,7486.52,0,1,1,0,0,1,0,0,0,0,1,0,0,0,1,0,0,1,0
5997,15000.0,28.0,663,8,30,26925,26925.64,0,1,0,0,1,1,0,0,0,0,1,0,0,0,1,0,0,1,0
5976,11000.0,33.0,627,4,35,57000,57529.02,0,1,0,0,1,1,0,0,1,0,0,0,0,0,1,0,0,0,1
5970,15000.0,40.0,692,6,26,40000,39942.0,0,1,0,1,0,1,0,0,1,0,0,0,0,0,0,1,0,0,1
5966,12000.0,29.0,644,3,33,25362,25362.94,0,1,1,0,0,1,0,0,1,0,0,0,0,0,1,0,0,0,1
5962,12000.0,24.0,638,3,34,7314,7314.0,0,1,0,1,0,1,0,0,0,0,1,1,0,0,0,0,0,1,0
5957,13000.0,31.0,701,4,25,68126,68540.86,0,1,1,0,0,1,0,0,1,0,0,1,0,0,0,0,0,0,1
5948,20000.0,46.0,657,8,31,57591,57591.0,1,0,0,0,1,1,0,0,1,0,0,1,0,0,0,0,0,1,0
5947,70000.0,26.0,653,7,31,51280,47856.97,0,1,1,0,0,0,1,0,1,0,0,0,0,0,1,0,0,1,0
5945,10000.0,29.0,716,7,22,7000,7000.0,0,1,0,1,0,1,0,0,1,0,0,0,0,0,1,0,0,1,0
5939,70000.0,26.0,653,7,31,49600,46290.92,0,1,1,0,0,0,1,0,1,0,0,0,0,0,1,0,0,0,1
5908,8000.0,22.0,682,6,27,20000,5000.0,0,1,0,1,0,1,0,0,0,0,1,0,0,0,1,0,0,0,1
5901,8400.0,23.0,654,1,31,32000,33738.0,0,1,0,1,0,1,0,0,1,0,0,0,0,0,1,0,0,0,1
5887,6000.0,24.0,671,7,29,16144,14472.64,0,1,1,0,0,1,0,0,1,0,0,1,0,0,0,0,0,1,0
5884,9000.0,23.0,631,5,35,6000,8659.0,0,1,0,1,0,1,0,0,0,0,1,0,0,0,1,0,0,1,0
5878,25000.0,29.0,640,7,33,27109,27109.74,0,1,0,0,1,0,1,0,0,0,1,0,0,0,1,0,0,1,0
5873,13000.0,34.0,626,2,35,52400,52400.0,0,1,0,1,0,1,0,0,0,0,1,0,0,0,0,1,0,0,1
5872,10000.0,27.0,647,5,32,25000,25984.44,1,0,1,0,0,1,0,0,1,0,0,1,0,0,0,0,0,0,1
5863,12000.0,34.0,638,3,34,44000,44164.63,1,0,0,1,0,1,0,0,1,0,0,1,0,0,0,0,0,0,1
5859,25000.0,31.0,627,5,35,180000,60000.0,1,0,1,0,0,1,0,0,1,0,0,0,0,0,1,0,0,0,1
5852,6000.0,20.0,672,6,29,9598,8098.0,0,1,0,1,0,0,1,0,0,0,1,0,0,0,1,0,0,1,0
5848,25000.0,29.0,680,5,28,51500,52521.05,0,1,1,0,0,1,0,0,0,1,0,0,0,0,0,1,0,0,1
5835,10000.0,27.0,653,3,31,21900,21982.79,0,1,0,1,0,1,0,0,1,0,0,1,0,0,0,0,0,1,0
5832,20000.0,30.0,668,3,29,161500,98651.0,0,1,1,0,0,0,1,0,1,0,0,0,0,0,1,0,0,0,1
5830,37000.0,37.0,703,6,24,80000,60000.0,0,1,0,1,0,1,0,0,1,0,0,0,0,0,0,1,0,0,1
5822,11500.0,30.0,691,2,26,12500,12724.0,1,0,0,0,1,1,0,0,1,0,0,0,0,0,1,0,0,0,1
5821,18000.0,26.0,695,6,25,200000,131692.26,0,1,1,0,0,1,0,0,0,1,0,0,0,0,1,0,0,0,1
5818,13000.0,29.0,631,6,35,28000,28000.0,0,1,1,0,0,0,1,0,1,0,0,0,0,0,1,0,0,1,0
5788,30000.0,43.0,695,7,25,41819,41819.45,1,0,0,1,0,1,0,0,1,0,0,0,0,0,1,0,0,1,0
5778,29000.0,46.0,653,4,31,48730,48960.0,1,0,0,1,0,1,0,0,0,1,0,0,0,0,1,0,0,0,1
5777,30000.0,34.0,656,4,31,150000,175795.08,0,1,0,1,0,1,0,0,1,0,0,0,0,0,1,0,0,0,1
5776,13500.0,22.0,668,7,29,8956,8957.0,0,1,0,1,0,1,0,0,1,0,0,0,0,0,1,0,0,1,0
5759,33000.0,42.0,636,6,34,30000,40534.03,0,1,0,1,0,1,0,0,1,0,0,0,0,0,1,0,0,0,1
5758,24000.0,50.0,646,2,32,47855,47855.35,1,0,0,1,0,0,1,0,0,0,1,0,1,0,0,0,0,0,1
5757,55000.0,29.0,654,4,31,81382,54192.0,0,1,0,1,0,0,1,0,1,0,0,0,0,0,1,0,0,1,0
5756,30000.0,39.0,659,7,31,45000,41770.14,1,0,0,1,0,0,1,0,1,0,0,1,0,0,0,0,0,1,0
5753,30000.0,65.0,717,9,22,27342,30897.0,1,0,0,1,0,0,0,1,0,0,1,0,0,0,1,0,0,0,1
5747,13000.0,35.0,661,6,30,45000,41435.19,0,1,1,0,0,1,0,0,0,0,1,0,0,0,1,0,0,0,1
5744,6000.0,25.0,675,8,28,8570,8569.0,0,1,0,1,0,1,0,0,0,0,1,0,0,0,1,0,0,0,1
5739,18000.0,35.0,627,0,35,100000,60000.0,1,0,0,1,0,1,0,0,1,0,0,0,0,0,1,0,0,0,1
5733,50000.0,42.0,664,4,30,58600,58542.0,0,1,0,0,1,0,1,0,1,0,0,0,0,0,1,0,0,1,0
5730,7000.0,29.0,654,8,31,6400,6414.0,0,1,0,1,0,1,0,0,1,0,0,1,0,0,0,0,0,1,0
5727,9000.0,25.0,647,6,32,15418,15418.95,1,0,0,0,1,1,0,0,1,0,0,1,0,0,0,0,0,1,0
5725,20000.0,30.0,633,3,34,200000,136000.0,0,1,0,1,0,1,0,0,1,0,0,0,0,0,1,0,0,0,1
5714,13000.0,34.0,655,4,31,47916,46282.68,0,1,1,0,0,0,1,0,1,0,0,0,0,0,1,0,0,1,0
5699,15000.0,37.0,629,6,35,36150,36137.0,0,1,1,0,0,0,1,0,1,0,0,0,0,0,1,0,0,1,0
5697,50000.0,37.0,703,7,24,314000,230049.95,0,1,0,1,0,1,0,0,1,0,0,0,0,0,0,1,0,0,1
5691,25000.0,25.0,653,6,31,36000,36633.98,0,1,1,0,0,1,0,0,1,0,0,0,0,0,1,0,0,1,0
5669,32000.0,25.0,704,3,24,57000,56686.16,0,1,0,1,0,1,0,0,0,1,0,0,0,0,1,0,0,1,0
5656,35000.0,26.0,647,6,32,17038,17038.38,0,1,0,1,0,1,0,0,1,0,0,0,0,0,1,0,0,1,0
5625,13000.0,28.0,670,4,29,23000,22315.11,0,1,1,0,0,1,0,0,1,0,0,0,0,0,1,0,0,0,1
5594,10000.0,24.0,661,4,30,7000,6996.88,0,1,1,0,0,0,1,0,0,0,1,0,0,0,1,0,0,1,0
5592,13500.0,45.0,639,3,33,59000,37901.0,0,1,0,1,0,1,0,0,0,0,1,1,0,0,0,0,0,0,1
5587,30000.0,31.0,673,6,29,67653,59316.92,0,1,0,0,1,1,0,0,1,0,0,0,0,0,1,0,0,1,0
5576,26000.0,48.0,660,2,30,60000,41376.7,0,1,1,0,0,1,0,0,1,0,0,0,0,0,0,1,0,0,1
5570,15000.0,41.0,632,2,34,24171,26016.0,0,1,0,0,1,1,0,0,1,0,0,1,0,0,0,0,0,0,1
5568,40000.0,48.0,713,7,23,288000,148884.24,0,1,0,0,1,0,1,0,0,1,0,1,0,0,0,0,0,0,1
5567,18000.0,36.0,683,7,27,100000,39947.3,0,1,0,1,0,1,0,0,1,0,0,1,0,0,0,0,0,0,1
5566,8000.0,52.0,625,4,35,16000,15465.0,1,0,0,1,0,0,1,0,0,0,1,0,0,0,0,1,0,1,0
5565,80000.0,26.0,696,7,25,39800,39760.78,0,1,0,0,1,1,0,0,1,0,0,1,0,0,0,0,0,1,0
5558,6100.0,22.0,667,5,29,20637,20637.0,0,1,1,0,0,1,0,0,0,0,1,0,0,0,1,0,0,0,1
5553,10000.0,35.0,669,5,29,8512,8512.75,1,0,1,0,0,1,0,0,1,0,0,0,0,0,0,1,0,1,0
5544,8000.0,29.0,674,7,28,9274,9639.95,1,0,1,0,0,1,0,0,0,0,1,0,1,0,0,0,0,1,0
5537,16811.0,35.0,677,4,28,47306,47306.46,0,1,0,1,0,1,0,0,0,1,0,0,0,0,1,0,0,0,1
5532,8000.0,30.0,647,5,32,12000,12267.22,1,0,1,0,0,1,0,0,1,0,0,1,0,0,0,0,0,0,1
5519,60000.0,33.0,652,3,32,46000,26572.17,0,1,1,0,0,0,1,0,0,1,0,1,0,0,0,0,0,0,1
5506,10300.0,29.0,644,2,33,34121,34329.61,1,0,1,0,0,1,0,0,1,0,0,0,0,0,1,0,0,0,1
5492,35000.0,32.0,697,5,25,11200,11200.0,0,1,0,1,0,0,1,0,1,0,0,0,0,0,1,0,0,1,0
5486,35000.0,26.0,701,7,25,15000,15000.0,0,1,0,0,1,1,0,0,1,0,0,1,0,0,0,0,0,0,1
5479,20000.0,43.0,625,3,35,39000,82763.72,1,0,0,1,0,1,0,0,1,0,0,0,0,0,0,0,1,0,1
5473,24000.0,50.0,646,3,32,80850,55755.85,1,0,0,1,0,0,1,0,0,0,1,0,1,0,0,0,0,0,1
5459,35000.0,32.0,697,5,25,49000,48937.49,0,1,1,0,0,0,1,0,1,0,0,0,0,0,1,0,0,1,0
5450,24000.0,53.0,696,6,25,27368,27368.63,1,0,0,1,0,0,1,0,0,0,1,1,0,0,0,0,0,1,0
5448,73000.0,45.0,633,4,34,354000,269675.02,0,1,0,1,0,1,0,0,1,0,0,1,0,0,0,0,0,0,1
5441,32500.0,30.0,701,7,25,35888,35887.2,1,0,0,0,1,1,0,0,0,1,0,0,0,0,1,0,0,1,0
5440,22000.0,60.0,677,8,28,48747,49246.43,1,0,0,1,0,1,0,0,1,0,0,0,0,0,1,0,0,1,0
5433,50000.0,46.0,644,7,33,110000,49217.0,0,1,0,1,0,1,0,0,1,0,0,1,0,0,0,0,0,1,0
5430,35000.0,62.0,630,7,35,107382,60000.0,1,0,0,1,0,0,1,0,1,0,0,0,0,1,0,0,0,0,1
5427,23000.0,32.0,681,5,27,28999,30124.81,1,0,1,0,0,0,1,0,1,0,0,0,0,0,1,0,0,1,0
5425,20000.0,31.0,687,2,27,9787,9787.11,0,1,1,0,0,0,1,0,1,0,0,0,0,0,1,0,0,1,0
5411,10000.0,24.0,641,1,33,15700,15565.14,0,1,1,0,0,1,0,0,0,0,1,0,0,0,1,0,0,0,1
5400,6390.0,24.0,661,4,30,19000,18465.98,0,1,0,0,1,1,0,0,1,0,0,0,0,0,1,0,0,1,0
5399,30000.0,42.0,677,7,28,88000,94555.67,0,1,0,0,1,1,0,0,1,0,0,1,0,0,0,0,0,0,1
5396,13000.0,30.0,629,3,35,36200,36641.18,0,1,0,0,1,1,0,0,0,0,1,0,0,0,1,0,0,1,0
5395,16000.0,33.0,679,7,28,28500,27669.61,0,1,0,1,0,0,1,0,0,1,0,1,0,0,0,0,0,1,0
5394,25000.0,22.0,675,5,28,50000,28030.27,0,1,0,0,1,0,1,0,1,0,0,0,0,0,1,0,0,1,0
5389,7000.0,24.0,663,8,30,6555,5804.6,1,0,1,0,0,1,0,0,1,0,0,1,0,0,0,0,0,1,0
5386,12000.0,27.0,657,1,31,27675,27625.61,0,1,1,0,0,0,1,0,1,0,0,0,0,0,1,0,0,0,1
5382,35000.0,25.0,709,7,23,76843,60000.0,0,1,1,0,0,0,1,0,1,0,0,0,0,0,1,0,0,1,0
5381,10000.0,31.0,660,8,30,7500,8223.95,1,0,0,0,1,1,0,0,0,0,1,0,0,0,0,1,0,1,0
5380,15000.0,25.0,675,3,28,8044,8044.49,1,0,1,0,0,1,0,0,1,0,0,0,0,0,0,1,0,1,0
5379,26000.0,47.0,671,4,29,60000,58900.28,1,0,0,1,0,1,0,0,1,0,0,1,0,0,0,0,0,0,1
5375,20000.0,37.0,701,6,25,66483,66482.4,0,1,0,1,0,1,0,0,1,0,0,1,0,0,0,0,0,0,1
5374,62693.0,37.0,713,9,23,141829,42731.23,0,1,0,0,1,1,0,0,0,1,0,1,0,0,0,0,0,1,0
5366,25000.0,29.0,691,5,26,59300,39445.13,0,1,1,0,0,1,0,0,1,0,0,0,0,0,1,0,0,1,0
5328,30000.0,42.0,692,6,26,56249,57812.43,1,0,1,0,0,0,1,0,0,0,1,1,0,0,0,0,0,1,0
5317,35000.0,31.0,678,7,28,45000,44747.83,0,1,0,1,0,1,0,0,1,0,0,0,0,0,1,0,0,0,1
5316,7000.0,24.0,630,1,35,18700,18734.14,0,1,1,0,0,1,0,0,1,0,0,0,0,0,1,0,0,0,1
5310,13000.0,42.0,699,8,25,40200,40853.9,1,0,0,1,0,1,0,0,1,0,0,0,0,0,1,0,0,1,0
5304,17000.0,26.0,659,6,31,20000,20435.45,1,0,1,0,0,1,0,0,0,1,0,0,0,0,1,0,0,1,0
5302,60000.0,42.0,664,8,30,35000,35000.0,1,0,0,1,0,0,1,0,1,0,0,1,0,0,0,0,0,1,0
5301,15000.0,32.0,654,1,31,11658,12215.92,0,1,0,1,0,1,0,0,1,0,0,0,0,0,1,0,0,0,1
5300,19000.0,23.0,659,3,31,10500,10368.62,0,1,0,0,1,0,1,0,0,0,1,0,0,0,1,0,0,1,0
5288,8000.0,24.0,649,4,32,28000,27021.13,0,1,0,1,0,0,1,0,0,1,0,0,0,0,1,0,0,1,0
5283,8500.0,37.0,634,6,34,15000,13650.53,0,1,1,0,0,1,0,0,0,0,1,1,0,0,0,0,0,1,0
5276,10000.0,21.0,660,6,30,20000,19973.16,0,1,0,1,0,0,1,0,0,0,1,0,0,0,1,0,0,1,0
5274,25000.0,31.0,653,8,31,79303,75988.4,1,0,0,1,0,1,0,0,0,1,0,0,0,0,1,0,0,0,1
5269,15000.0,26.0,679,7,28,58425,58440.45,1,0,0,0,1,1,0,0,1,0,0,0,0,0,1,0,0,0,1
5264,17000.0,26.0,656,6,31,11500,11500.0,1,0,1,0,0,1,0,0,1,0,0,0,0,0,1,0,0,0,1
5258,100000.0,35.0,698,5,25,68000,60000.0,0,1,0,0,1,0,1,0,0,1,0,1,0,0,0,0,0,0,1
5256,27000.0,33.0,676,7,28,27000,31805.92,1,0,0,1,0,0,1,0,0,1,0,1,0,0,0,0,0,1,0
5250,16000.0,29.0,719,8,22,110000,60000.0,0,1,0,1,0,0,1,0,0,1,0,0,0,0,1,0,0,0,1
5248,12000.0,31.0,682,7,27,28500,28500.0,0,1,0,0,1,1,0,0,1,0,0,0,0,0,1,0,0,1,0
5244,12000.0,23.0,636,7,34,29504,26086.43,0,1,0,1,0,0,1,0,0,0,1,0,0,0,1,0,0,1,0
5241,15000.0,26.0,666,5,30,10000,10421.73,1,0,0,1,0,1,0,0,1,0,0,0,0,0,1,0,0,1,0
5239,42000.0,34.0,625,6,35,98322,60000.0,0,1,0,0,1,1,0,0,0,0,1,0,0,0,1,0,0,1,0
5229,34000.0,33.0,666,7,30,54000,31368.68,0,1,0,1,0,1,0,0,1,0,0,1,0,0,0,0,0,1,0
5197,11800.0,30.0,687,8,27,14000,13549.15,0,1,1,0,0,1,0,0,1,0,0,0,0,0,1,0,0,1,0
5180,46000.0,47.0,683,5,27,100000,53204.75,0,1,0,1,0,1,0,0,1,0,0,1,0,0,0,0,0,1,0
5165,30000.0,27.0,681,4,27,150000,49167.62,1,0,1,0,0,0,1,0,1,0,0,1,0,0,0,0,0,0,1
5162,12000.0,29.0,652,0,32,10000,9368.75,0,1,0,0,1,1,0,0,0,0,1,1,0,0,0,0,0,1,0
5160,80000.0,55.0,664,8,30,56746,51660.75,1,0,0,1,0,0,1,0,1,0,0,1,0,0,0,0,0,1,0
5156,13000.0,42.0,679,3,28,90000,60000.0,1,0,0,1,0,0,1,0,0,0,1,0,0,0,0,1,0,0,1
5153,80000.0,55.0,721,9,22,56746,56746.0,1,0,0,1,0,0,1,0,0,0,1,1,0,0,0,0,0,0,1
5146,13000.0,26.0,666,2,30,22520,8148.1,0,1,0,1,0,1,0,0,0,0,1,0,0,0,1,0,0,0,1
5129,60000.0,39.0,694,5,26,42167,28202.88,0,1,1,0,0,0,1,0,1,0,0,0,0,0,0,1,0,0,1
5119,7200.0,27.0,645,8,33,6711,5242.41,1,0,0,0,1,1,0,0,1,0,0,1,0,0,0,0,0,1,0
5112,12000.0,40.0,644,2,33,10000,26664.63,0,1,0,1,0,0,1,0,1,0,0,1,0,0,0,0,0,0,1
5107,8500.0,21.0,673,6,29,15000,15494.69,1,0,1,0,0,1,0,0,1,0,0,0,0,0,1,0,0,1,0
5092,13500.0,58.0,661,8,30,42133,49132.84,1,0,0,1,0,0,1,0,1,0,0,1,0,0,0,0,0,0,1
5083,30000.0,35.0,708,8,24,77000,64608.46,0,1,0,0,1,1,0,0,1,0,0,0,0,0,1,0,0,0,1
5079,10000.0,23.0,700,7,25,10542,10541.17,0,1,0,0,1,1,0,0,1,0,0,0,0,0,1,0,0,1,0
5072,15000.0,46.0,677,6,28,7354,17919.16,0,1,1,0,0,0,1,0,1,0,0,0,0,0,0,1,0,0,1
5070,15000.0,26.0,682,5,27,40000,38777.61,0,1,1,0,0,0,1,0,1,0,0,0,0,0,1,0,0,0,1
5068,15000.0,46.0,677,6,28,10564,10564.0,0,1,1,0,0,0,1,0,1,0,0,0,0,0,0,1,0,0,1
5062,30000.0,32.0,686,7,27,50000,46921.14,0,1,0,0,1,1,0,0,0,1,0,0,0,0,1,0,0,1,0
5061,18000.0,33.0,681,7,27,19437,19507.22,0,1,0,0,1,1,0,0,0,1,0,1,0,0,0,0,0,1,0
5048,4600.0,22.0,701,6,25,6900,6874.16,0,1,0,0,1,1,0,0,1,0,0,0,0,0,1,0,0,0,1
5043,17000.0,28.0,704,6,24,15415,15415.55,0,1,1,0,0,1,0,0,1,0,0,0,0,0,1,0,0,1,0
5042,6200.0,22.0,626,5,35,16700,14595.11,0,1,0,1,0,1,0,0,0,0,1,0,0,0,1,0,0,1,0
5033,28622.0,35.0,640,8,33,100000,60000.0,0,1,0,0,1,1,0,0,1,0,0,1,0,0,0,0,0,1,0
5032,10000.0,34.0,682,5,27,45000,45029.8,0,1,0,0,1,0,1,0,1,0,0,1,0,0,0,0,0,1,0
5031,68000.0,26.0,658,5,31,368403,60000.0,0,1,1,0,0,1,0,0,1,0,0,0,0,0,1,0,0,0,1
5030,20000.0,30.0,700,8,25,53010,53010.91,0,1,1,0,0,0,1,0,1,0,0,0,0,0,1,0,0,0,1
5029,14000.0,49.0,682,7,27,9963,9963.81,0,1,0,1,0,1,0,0,1,0,0,0,0,0,1,0,0,1,0
5013,20000.0,37.0,683,3,27,18600,18645.41,0,1,0,1,0,1,0,0,0,1,0,0,0,0,1,0,0,0,1
5012,15000.0,49.0,696,7,25,15000,12679.8,1,0,0,1,0,1,0,0,1,0,0,0,1,0,0,0,0,1,0
5009,8000.0,21.0,625,7,35,6600,6915.8,0,1,1,0,0,1,0,0,1,0,0,0,0,0,1,0,0,1,0
4992,50000.0,53.0,694,2,26,21000,20750.85,0,1,0,0,1,0,1,0,0,0,1,1,0,0,0,0,0,1,0
4984,15000.0,31.0,657,5,31,44288,46811.52,1,0,1,0,0,1,0,0,1,0,0,0,0,0,1,0,0,1,0
4975,9000.0,30.0,666,6,30,33500,31561.9,1,0,0,1,0,1,0,0,1,0,0,0,0,0,1,0,0,1,0
4972,20000.0,50.0,689,7,26,50000,47136.58,0,1,0,1,0,0,1,0,0,0,1,0,0,1,0,0,0,0,1
4965,24000.0,33.0,705,6,24,16000,16197.31,0,1,1,0,0,1,0,0,0,1,0,1,0,0,0,0,0,1,0
4964,13000.0,55.0,675,7,28,9000,9012.32,0,1,0,1,0,1,0,0,1,0,0,1,0,0,0,0,0,1,0
4963,170000.0,26.0,658,6,31,40555,34603.34,0,1,0,0,1,0,1,0,1,0,0,0,0,0,1,0,0,1,0
4962,28928.0,30.0,678,4,28,33944,38642.17,0,1,0,0,1,1,0,0,0,1,0,0,0,0,1,0,0,1,0
4951,30000.0,62.0,697,6,25,186139,59920.02,1,0,0,0,1,0,1,0,0,0,1,0,0,0,1,0,0,0,1
4950,9000.0,58.0,697,9,25,13500,13253.46,0,1,0,0,1,1,0,0,1,0,0,0,1,0,0,0,0,1,0
4949,25000.0,31.0,708,8,24,23000,22777.39,1,0,1,0,0,1,0,0,1,0,0,0,0,0,1,0,0,1,0
4948,35000.0,29.0,680,7,28,35000,36169.79,0,1,0,1,0,1,0,0,1,0,0,1,0,0,0,0,0,1,0
4945,8000.0,36.0,650,3,32,24000,21361.88,0,1,0,1,0,1,0,0,1,0,0,0,0,0,0,1,0,0,1
4942,12000.0,33.0,697,8,25,17664,13145.23,0,1,0,1,0,1,0,0,1,0,0,1,0,0,0,0,0,1,0
4941,20000.0,30.0,628,6,35,7000,6533.49,0,1,0,1,0,1,0,0,1,0,0,1,0,0,0,0,0,1,0
4938,30000.0,28.0,661,7,30,29633,29633.71,0,1,1,0,0,0,1,0,1,0,0,0,0,0,1,0,0,1,0
4912,29000.0,33.0,641,3,33,41220,41219.17,0,1,0,0,1,1,0,0,0,1,0,1,0,0,0,0,0,1,0
4907,20000.0,33.0,675,3,28,85915,64133.44,0,1,0,0,1,1,0,0,1,0,0,0,0,0,0,1,0,0,1
4906,7800.0,40.0,674,6,28,12488,12890.26,1,0,0,1,0,1,0,0,0,0,1,1,0,0,0,0,0,1,0
4901,30000.0,50.0,657,1,31,46000,46161.94,1,0,0,1,0,1,0,0,1,0,0,1,0,0,0,0,0,0,1
4895,10000.0,31.0,644,5,33,37000,38657.6,0,1,1,0,0,0,1,0,1,0,0,1,0,0,0,0,0,0,1
4878,25000.0,56.0,658,7,31,60000,60000.0,1,0,0,1,0,0,1,0,0,1,0,1,0,0,0,0,0,0,1
4865,20000.0,42.0,628,3,35,30000,31946.5,0,1,0,0,1,1,0,0,1,0,0,1,0,0,0,0,0,0,1
4862,23000.0,30.0,722,8,22,35000,34534.99,0,1,1,0,0,1,0,0,1,0,0,0,0,0,1,0,0,1,0
4844,11000.0,28.0,671,3,29,36996,37250.2,0,1,1,0,0,1,0,0,1,0,0,0,0,0,1,0,0,0,1
4839,20000.0,31.0,628,5,35,24341,18815.88,1,0,0,1,0,0,1,0,0,1,0,0,0,0,1,0,0,0,1
4837,31000.0,40.0,679,8,28,30120,42837.49,0,1,0,0,1,1,0,0,0,1,0,1,0,0,0,0,0,1,0
4833,16000.0,35.0,653,6,31,36573,38856.83,1,0,0,0,1,1,0,0,1,0,0,0,0,0,1,0,0,1,0
4825,14000.0,36.0,652,6,32,90000,91699.36,0,1,0,1,0,1,0,0,1,0,0,0,0,0,1,0,0,0,1
4819,15000.0,32.0,699,9,25,26086,30993.88,0,1,1,0,0,0,1,0,1,0,0,0,0,0,1,0,0,1,0
4816,18000.0,32.0,649,3,32,15000,14763.6,0,1,0,0,1,0,1,0,1,0,0,0,0,0,1,0,0,1,0
4813,15000.0,23.0,688,3,26,23388,23388.62,0,1,0,1,0,0,1,0,1,0,0,0,0,0,1,0,0,0,1
4809,16000.0,50.0,705,8,24,40000,30037.85,0,1,0,1,0,1,0,0,0,0,1,0,0,1,0,0,0,0,1
4802,12000.0,29.0,659,8,31,28000,29419.52,0,1,0,0,1,1,0,0,1,0,0,0,0,0,1,0,0,1,0
4796,10000.0,27.0,691,7,26,25000,31829.25,0,1,0,1,0,0,1,0,1,0,0,0,0,0,1,0,0,0,1
4792,20000.0,46.0,674,4,28,120000,89301.9,0,1,0,1,0,0,1,0,1,0,0,1,0,0,0,0,0,0,1
4779,21900.0,44.0,681,7,27,20027,20027.97,1,0,0,1,0,1,0,0,0,1,0,0,0,0,1,0,0,1,0
4772,20000.0,26.0,671,4,29,66500,50408.12,1,0,1,0,0,1,0,0,1,0,0,0,0,0,1,0,0,0,1
4766,20000.0,37.0,660,7,30,110000,78201.67,1,0,0,1,0,1,0,0,1,0,0,1,0,0,0,0,0,0,1
4764,20000.0,56.0,645,7,33,130000,112578.24,1,0,0,1,0,0,1,0,0,1,0,1,0,0,0,0,0,0,1
4760,15000.0,28.0,698,8,25,120000,50445.97,1,0,0,1,0,1,0,0,1,0,0,1,0,0,0,0,0,0,1
4753,19700.0,36.0,650,5,32,53000,28730.64,0,1,0,1,0,1,0,0,1,0,0,1,0,0,0,0,0,0,1
4752,95000.0,36.0,706,7,24,90000,60000.0,1,0,1,0,0,1,0,0,1,0,0,1,0,0,0,0,0,0,1
4748,16552.0,28.0,682,4,27,6000,4957.6,0,1,0,1,0,1,0,0,1,0,0,1,0,0,0,0,0,1,0
4745,50000.0,58.0,686,3,27,15000,82924.93,0,1,0,1,0,0,1,0,1,0,0,0,0,0,0,0,1,0,1
4734,10000.0,28.0,660,6,30,34000,34096.52,1,0,0,1,0,0,1,0,0,0,1,1,0,0,0,0,0,1,0
4727,9000.0,24.0,676,7,28,33509,18366.37,1,0,1,0,0,1,0,0,1,0,0,0,0,0,1,0,0,1,0
4726,15000.0,39.0,675,8,28,31675,31734.41,1,0,0,0,1,1,0,0,0,1,0,0,0,0,1,0,0,0,1
4723,4000.0,33.0,659,7,31,8692,8181.29,0,1,0,1,0,1,0,0,1,0,0,0,0,0,1,0,0,1,0
4722,12000.0,31.0,627,6,35,36000,26039.82,1,0,0,1,0,0,1,0,0,1,0,0,0,0,1,0,0,0,1
4710,35000.0,26.0,688,6,26,25000,25000.0,0,1,0,0,1,1,0,0,1,0,0,1,0,0,0,0,0,0,1
4702,16000.0,28.0,688,6,26,21890,23999.11,1,0,0,0,1,1,0,0,1,0,0,0,0,0,1,0,0,1,0
4695,28000.0,29.0,686,6,27,50000,60000.0,0,1,0,1,0,1,0,0,1,0,0,0,0,0,1,0,0,1,0
4693,25000.0,27.0,705,8,24,29537,29165.47,1,0,0,0,1,1,0,0,1,0,0,0,0,0,1,0,0,1,0
4692,6000.0,31.0,660,7,30,18800,19715.13,0,1,1,0,0,0,1,0,1,0,0,0,0,0,1,0,0,1,0
4690,30000.0,29.0,627,5,35,127166,127166.0,1,0,0,1,0,0,1,0,1,0,0,0,0,0,1,0,0,0,1
4689,30000.0,29.0,627,5,35,59978,59978.05,1,0,0,1,0,0,1,0,1,0,0,0,0,0,1,0,0,0,1
4687,20000.0,31.0,628,1,35,22273,19671.14,0,1,0,0,1,0,1,0,1,0,0,0,0,0,0,1,0,1,0
4672,15000.0,36.0,631,3,35,37000,38806.92,0,1,0,1,0,1,0,0,0,0,1,1,0,0,0,0,0,0,1
4670,16000.0,33.0,695,7,25,58639,44998.09,0,1,0,0,1,1,0,0,1,0,0,1,0,0,0,0,0,0,1
4662,12000.0,24.0,660,5,30,65861,47867.98,1,0,0,1,0,1,0,0,1,0,0,0,0,0,1,0,0,0,1
4660,7200.0,34.0,676,7,28,7739,7739.02,0,1,0,0,1,0,1,0,0,1,0,0,0,0,0,1,0,1,0
4659,40000.0,32.0,689,6,26,45000,36087.39,0,1,0,0,1,1,0,0,1,0,0,0,0,0,1,0,0,1,0
4657,28000.0,31.0,693,7,26,59000,59171.67,1,0,1,0,0,1,0,0,1,0,0,0,0,0,1,0,0,1,0
4654,73000.0,35.0,641,4,33,190112,61983.13,0,1,1,0,0,1,0,0,0,0,1,1,0,0,0,0,0,0,1
4650,25000.0,39.0,663,3,30,11424,12002.27,0,1,0,1,0,0,1,0,0,1,0,1,0,0,0,0,0,1,0
4649,13000.0,35.0,705,7,24,6087,6860.64,0,1,0,1,0,1,0,0,1,0,0,1,0,0,0,0,0,1,0
4629,29000.0,39.0,688,7,26,100000,53165.19,0,1,0,1,0,1,0,0,0,1,0,0,0,0,1,0,0,0,1
4626,35000.0,32.0,683,8,27,68735,36611.08,0,1,0,1,0,0,1,0,1,0,0,1,0,0,0,0,0,1,0
4625,10000.0,31.0,698,7,25,50000,46083.17,0,1,0,1,0,0,1,0,1,0,0,0,0,0,1,0,0,0,1
4613,10000.0,41.0,655,7,31,60000,68726.31,1,0,0,0,1,0,1,0,1,0,0,1,0,0,0,0,0,0,1
4591,10000.0,29.0,716,8,22,7780,6069.0,0,1,0,1,0,1,0,0,1,0,0,0,0,0,1,0,0,1,0
4583,12000.0,25.0,645,5,33,12500,12225.48,0,1,0,0,1,1,0,0,1,0,0,0,0,0,0,1,0,1,0
4576,12000.0,25.0,649,7,32,21000,21000.0,0,1,1,0,0,1,0,0,1,0,0,0,0,0,1,0,0,1,0
4573,20000.0,29.0,625,5,35,63000,65595.13,0,1,1,0,0,1,0,0,1,0,0,0,0,0,1,0,0,0,1
4569,15000.0,25.0,647,4,32,27744,27131.14,0,1,0,0,1,1,0,0,1,0,0,0,0,0,1,0,0,0,1
4568,15000.0,36.0,631,3,35,88600,88600.0,0,1,0,1,0,1,0,0,0,0,1,1,0,0,0,0,0,0,1
4567,53000.0,34.0,646,3,32,104338,60000.0,0,1,0,0,1,1,0,0,1,0,0,1,0,0,0,0,0,0,1
4563,45000.0,51.0,627,1,35,15400,14914.95,0,1,0,1,0,0,1,0,0,0,1,1,0,0,0,0,0,1,0
4560,20200.0,26.0,633,6,34,12382,10975.78,1,0,1,0,0,1,0,0,1,0,0,0,0,0,1,0,0,1,0
4559,7000.0,28.0,627,6,35,15500,15443.21,1,0,1,0,0,1,0,0,0,0,1,0,0,0,0,1,0,1,0
4553,12000.0,34.0,659,7,31,17397,17397.19,0,1,1,0,0,1,0,0,1,0,0,0,0,0,0,1,0,1,0
4550,20000.0,45.0,700,7,25,202000,60000.0,1,0,0,1,0,0,1,0,0,0,1,1,0,0,0,0,0,0,1
4547,12000.0,48.0,659,3,31,10000,10234.57,0,1,0,1,0,1,0,0,0,0,1,0,0,0,1,0,0,1,0
4539,16000.0,39.0,718,8,22,24574,24987.88,1,0,0,1,0,0,1,0,1,0,0,1,0,0,0,0,0,1,0
4535,7000.0,29.0,661,6,30,17000,18242.12,1,0,0,0,1,0,1,0,1,0,0,0,0,0,1,0,0,0,1
4534,19000.0,27.0,690,6,26,20674,21058.38,0,1,0,0,1,1,0,0,1,0,0,0,0,0,1,0,0,1,0
4533,26000.0,48.0,710,8,23,120000,120046.12,0,1,0,1,0,1,0,0,1,0,0,1,0,0,0,0,0,0,1
4523,46000.0,45.0,650,7,32,133105700,68515.73,1,0,0,1,0,1,0,0,1,0,0,0,0,0,1,0,0,0,1
4518,47000.0,27.0,633,2,34,55600,46684.85,0,1,0,1,0,1,0,0,1,0,0,0,0,0,1,0,0,1,0
4515,15000.0,26.0,651,7,32,60000,60000.0,1,0,0,0,1,1,0,0,1,0,0,1,0,0,0,0,0,1,0
4514,20000.0,29.0,700,8,25,49000,27019.84,0,1,0,1,0,0,1,0,0,1,0,1,0,0,0,0,0,1,0
4512,7000.0,22.0,631,3,35,15700,15815.62,1,0,1,0,0,0,1,0,1,0,0,0,0,0,1,0,0,0,1
4511,16000.0,26.0,665,8,30,69843,48083.62,0,1,0,0,1,1,0,0,1,0,0,0,0,0,1,0,0,1,0
4506,10000.0,38.0,713,8,23,12000,11838.18,0,1,0,0,1,0,1,0,1,0,0,0,0,0,1,0,0,0,1
4504,25000.0,30.0,647,1,32,64396,59104.74,0,1,0,1,0,0,1,0,1,0,0,1,0,0,0,0,0,0,1
4500,14000.0,36.0,692,7,26,33840,33840.89,0,1,1,0,0,1,0,0,1,0,0,0,1,0,0,0,0,1,0
4498,16000.0,39.0,628,7,35,55500,55500.0,1,0,0,1,0,1,0,0,0,1,0,1,0,0,0,0,0,0,1
4491,13000.0,37.0,659,7,31,35000,29182.09,0,1,0,1,0,1,0,0,1,0,0,1,0,0,0,0,0,1,0
4478,10000.0,28.0,630,6,35,33200,18622.77,1,0,1,0,0,1,0,0,1,0,0,0,0,0,0,1,0,0,1
4470,9500.0,23.0,636,6,34,22924,22923.39,0,1,0,1,0,1,0,0,1,0,0,0,0,0,1,0,0,1,0
4458,4600.0,28.0,626,6,35,13000,26112.6,1,0,0,1,0,1,0,0,1,0,0,0,0,0,1,0,0,0,1
4455,13000.0,28.0,654,6,31,48000,48000.0,0,1,1,0,0,1,0,0,1,0,0,0,0,0,1,0,0,0,1
4449,46000.0,58.0,635,7,34,51000,51000.0,1,0,0,1,0,1,0,0,0,0,1,0,0,0,1,0,0,0,1
4440,40000.0,27.0,629,4,35,32938,38750.97,0,1,0,1,0,1,0,0,1,0,0,1,0,0,0,0,0,1,0
4438,17000.0,36.0,648,7,32,9732,10243.63,1,0,0,1,0,1,0,0,1,0,0,1,0,0,0,0,0,1,0
4437,14000.0,48.0,726,9,21,13000,16628.23,1,0,0,1,0,1,0,0,1,0,0,0,0,0,1,0,0,1,0
4435,16000.0,26.0,656,7,31,10975,11259.07,1,0,1,0,0,1,0,0,1,0,0,0,0,0,1,0,0,1,0
4427,30000.0,42.0,712,8,23,109000,60000.0,0,1,0,0,1,0,1,0,1,0,0,0,0,0,0,1,0,1,0
4426,15000.0,27.0,669,5,29,39500,37344.45,0,1,1,0,0,1,0,0,1,0,0,0,0,0,1,0,0,1,0
4424,45000.0,43.0,666,6,30,45000,39924.58,0,1,0,1,0,1,0,0,1,0,0,0,0,0,0,1,0,1,0
4423,5000.0,20.0,686,6,27,7249,7249.04,0,1,0,1,0,0,1,0,0,0,1,0,0,0,1,0,0,1,0
4421,10000.0,36.0,693,5,26,11835,25445.09,1,0,0,1,0,0,1,0,1,0,0,0,0,0,0,1,0,1,0
4420,30000.0,37.0,685,4,27,15000,18645.41,0,1,0,1,0,1,0,0,0,1,0,0,0,0,1,0,0,0,1
4406,12000.0,32.0,709,9,23,76500,60000.0,1,0,0,0,1,1,0,0,0,1,0,0,0,0,1,0,0,0,1
4400,47500.0,33.0,659,4,31,88260,49398.09,0,1,0,0,1,1,0,0,1,0,0,0,0,0,1,0,0,1,0
4394,14000.0,31.0,697,4,25,50000,45718.67,1,0,1,0,0,1,0,0,1,0,0,0,0,0,1,0,0,0,1
4390,8000.0,25.0,697,9,25,6423,6422.89,0,1,0,0,1,0,1,0,0,0,1,0,0,0,1,0,0,1,0
4387,39000.0,37.0,685,4,27,38000,38000.0,0,1,0,1,0,1,0,0,0,1,0,0,0,0,1,0,0,0,1
4383,30000.0,35.0,684,4,27,21658,21658.54,0,1,0,1,0,0,1,0,1,0,0,1,0,0,0,0,0,1,0
4378,25000.0,40.0,668,6,29,22467,22467.25,0,1,1,0,0,1,0,0,0,1,0,0,1,0,0,0,0,1,0
4367,5000.0,27.0,649,6,32,12192,12192.6,0,1,1,0,0,1,0,0,1,0,0,0,0,0,1,0,0,1,0
4348,10000.0,30.0,712,9,23,21000,17153.57,0,1,1,0,0,0,1,0,1,0,0,0,0,0,1,0,0,1,0
4342,30500.0,32.0,648,5,32,27440,27436.12,1,0,0,0,1,1,0,0,1,0,0,1,0,0,0,0,0,1,0
4340,15000.0,40.0,697,9,25,38000,37949.95,1,0,0,1,0,1,0,0,1,0,0,0,1,0,0,0,0,1,0
4320,13000.0,42.0,657,7,31,70000,72937.93,1,0,0,1,0,1,0,0,0,1,0,1,0,0,0,0,0,0,1
4313,16000.0,43.0,639,7,33,42000,5350.42,0,1,0,1,0,1,0,0,1,0,0,1,0,0,0,0,0,0,1
4305,15000.0,23.0,686,8,27,12470,12467.47,0,1,1,0,0,0,1,0,0,0,1,0,0,0,1,0,0,1,0
4304,8000.0,46.0,662,8,30,6524,6404.66,0,1,1,0,0,0,1,0,1,0,0,0,1,0,0,0,0,1,0
4303,42000.0,42.0,672,5,29,161352,53968.32,0,1,0,1,0,1,0,0,0,1,0,1,0,0,0,0,0,0,1
4272,22000.0,37.0,641,3,33,45000,45677.83,0,1,0,1,0,1,0,0,1,0,0,0,0,0,1,0,0,0,1
4271,15000.0,30.0,638,8,34,42500,44299.02,0,1,0,1,0,1,0,0,1,0,0,1,0,0,0,0,0,0,1
4263,30000.0,38.0,663,1,30,42170,42170.69,0,1,0,1,0,0,1,0,0,0,1,0,0,1,0,0,0,1,0
4262,5200.0,46.0,659,7,31,13800,12323.57,1,0,0,0,1,1,0,0,0,0,1,1,0,0,0,0,0,1,0
4258,18000.0,25.0,683,6,27,28000,28000.0,0,1,1,0,0,1,0,0,1,0,0,0,0,0,1,0,0,1,0
4246,10100.0,34.0,700,7,25,15691,15691.03,1,0,0,1,0,1,0,0,0,0,1,0,0,0,1,0,0,0,1
4239,26000.0,27.0,673,7,29,50500,16133.86,0,1,0,0,1,1,0,0,1,0,0,1,0,0,0,0,0,1,0
4219,10645.0,28.0,698,4,25,20000,17789.89,0,1,0,0,1,1,0,0,1,0,0,0,0,0,0,1,0,1,0
4218,10500.0,49.0,639,3,33,25000,25399.45,0,1,0,1,0,1,0,0,1,0,0,1,0,0,0,0,0,0,1
4210,12000.0,43.0,684,5,27,40000,55309.12,1,0,0,1,0,1,0,0,1,0,0,0,1,0,0,0,0,0,1
4209,15000.0,30.0,709,8,23,9999,14799.27,0,1,0,0,1,1,0,0,1,0,0,0,0,0,1,0,0,1,0
4200,100000.0,46.0,687,6,27,173000,59804.42,1,0,0,1,0,0,1,0,1,0,0,1,0,0,0,0,0,0,1
4198,15000.0,27.0,625,6,35,75000,60000.0,0,1,0,0,1,1,0,0,1,0,0,0,0,0,1,0,0,0,1
4191,10000.0,48.0,690,8,26,8851,9378.96,0,1,1,0,0,1,0,0,0,0,1,1,0,0,0,0,0,1,0
4190,15000.0,26.0,644,1,33,23000,11407.43,0,1,1,0,0,1,0,0,0,0,1,0,0,0,1,0,0,0,1
4184,10000.0,28.0,625,4,35,24000,36219.72,0,1,0,1,0,0,1,0,1,0,0,0,0,0,1,0,0,1,0
4180,30000.0,51.0,640,6,33,162736,94642.72,1,0,0,1,0,1,0,0,1,0,0,1,0,0,0,0,0,0,1
4177,10000.0,29.0,662,4,30,50000,16070.85,0,1,1,0,0,0,1,0,0,0,1,0,0,0,1,0,0,0,1
4169,30000.0,29.0,684,6,27,112336,102593.06,0,1,1,0,0,1,0,0,0,1,0,0,0,0,1,0,0,0,1
4149,35000.0,28.0,644,4,33,168327,54949.14,0,1,1,0,0,0,1,0,1,0,0,1,0,0,0,0,0,0,1
4141,60000.0,33.0,688,6,26,330000,330000.0,0,1,0,0,1,0,1,0,1,0,0,0,0,0,1,0,0,0,1
4129,33000.0,46.0,678,5,28,25000,25594.07,0,1,0,1,0,1,0,0,0,1,0,0,1,0,0,0,0,0,1
4113,11000.0,62.0,644,8,33,98000,40000.0,0,1,1,0,0,1,0,0,1,0,0,0,0,0,1,0,0,0,1
4109,15000.0,31.0,650,3,32,35000,14342.06,0,1,1,0,0,0,1,0,1,0,0,0,0,0,1,0,0,0,1
4098,12000.0,37.0,697,9,25,65000,52535.92,1,0,0,1,0,1,0,0,1,0,0,1,0,0,0,0,0,1,0
4093,16500.0,27.0,652,3,32,10000,13063.84,0,1,0,1,0,1,0,0,1,0,0,0,0,0,1,0,0,1,0
4092,50000.0,53.0,676,2,28,37000,16557.71,0,1,0,0,1,0,1,0,0,0,1,1,0,0,0,0,0,1,0
4090,34500.0,39.0,636,3,34,56000,55559.03,0,1,0,1,0,1,0,0,1,0,0,1,0,0,0,0,0,1,0
4089,12000.0,48.0,672,8,29,16911,8040.21,1,0,0,1,0,1,0,0,1,0,0,0,0,0,1,0,0,1,0
4085,20000.0,38.0,710,9,23,100000,79201.51,0,1,0,1,0,0,1,0,1,0,0,1,0,0,0,0,0,0,1
4082,10000.0,23.0,675,2,28,18000,11830.0,0,1,0,1,0,1,0,0,1,0,0,0,0,0,1,0,0,1,0
4077,17000.0,57.0,713,9,23,20000,20394.05,0,1,0,1,0,1,0,0,1,0,0,1,0,0,0,0,0,1,0
4076,55000.0,48.0,668,7,29,238000,203778.29,1,0,0,1,0,1,0,0,1,0,0,1,0,0,0,0,0,0,1
4067,18000.0,46.0,673,6,29,51800,47319.24,1,0,0,1,0,1,0,0,0,0,1,1,0,0,0,0,0,0,1
4066,40000.0,32.0,665,1,30,26362,26362.02,0,1,0,1,0,0,1,0,0,1,0,0,0,0,1,0,0,0,1
4063,35000.0,44.0,701,7,25,77000,51915.75,1,0,0,1,0,1,0,0,1,0,0,1,0,0,0,0,0,1,0
4060,18000.0,26.0,666,5,30,40000,28820.13,0,1,1,0,0,1,0,0,1,0,0,0,0,0,1,0,0,1,0
4056,14000.0,27.0,630,4,35,28898,28898.37,0,1,1,0,0,1,0,0,0,1,0,0,0,0,1,0,0,1,0
4055,30000.0,53.0,660,6,30,65409,64374.98,0,1,0,0,1,0,1,0,0,0,1,1,0,0,0,0,0,0,1
4053,30000.0,30.0,703,6,24,45713,45713.87,0,1,0,1,0,1,0,0,0,1,0,0,0,0,1,0,0,1,0
4031,40000.0,56.0,709,6,23,55000,28648.64,0,1,0,1,0,0,1,0,1,0,0,0,0,0,1,0,0,1,0
4029,10000.0,43.0,650,7,32,19087,18567.19,0,1,0,1,0,0,1,0,0,0,1,1,0,0,0,0,0,1,0
4021,6000.0,32.0,637,5,34,6800,6783.43,1,0,1,0,0,0,1,0,1,0,0,0,0,0,1,0,0,1,0
4007,25500.0,36.0,634,5,34,16000,19813.68,0,1,0,1,0,1,0,0,1,0,0,1,0,0,0,0,0,0,1
4005,80000.0,26.0,693,3,26,100000,42801.05,0,1,0,1,0,1,0,0,1,0,0,0,0,0,1,0,0,1,0
3998,11000.0,55.0,658,7,31,32000,25586.83,1,0,0,1,0,1,0,0,0,0,1,0,0,0,1,0,0,0,1
3997,20000.0,29.0,676,5,28,30000,13701.29,0,1,1,0,0,1,0,0,1,0,0,0,0,0,1,0,0,1,0
3994,25000.0,39.0,708,7,24,25000,26138.7,1,0,0,1,0,1,0,0,1,0,0,0,0,1,0,0,0,1,0
3993,9000.0,35.0,678,8,28,16454,16454.27,1,0,0,1,0,1,0,0,1,0,0,0,0,0,1,0,0,1,0
3991,19000.0,37.0,628,6,35,32343,5809.66,0,1,0,0,1,1,0,0,1,0,0,1,0,0,0,0,0,1,0
3990,10000.0,36.0,727,9,21,23000,11927.03,1,0,0,1,0,1,0,0,0,1,0,1,0,0,0,0,0,1,0
3978,14000.0,32.0,692,3,26,6850,11651.24,0,1,0,1,0,1,0,0,1,0,0,0,0,0,1,0,0,1,0
3970,45000.0,27.0,624,3,35,48000,47325.56,1,0,1,0,0,1,0,0,1,0,0,0,0,0,0,1,0,1,0
3968,18000.0,31.0,639,4,33,34711,34710.39,1,0,0,0,1,1,0,0,0,1,0,0,0,0,1,0,0,1,0
3967,14300.0,30.0,647,4,32,17134,17134.72,0,1,0,0,1,1,0,0,0,0,1,0,0,0,1,0,0,1,0
3965,20000.0,25.0,655,1,31,71000,27744.05,1,0,1,0,0,1,0,0,1,0,0,0,0,0,1,0,0,0,1
3962,7000.0,35.0,704,7,24,9000,9275.7,1,0,0,1,0,1,0,0,1,0,0,0,0,0,1,0,0,0,1
3958,30000.0,38.0,663,2,30,118000,118000.0,0,1,0,1,0,0,1,0,1,0,0,0,0,1,0,0,0,0,1
3956,65000.0,34.0,689,4,26,104500,58622.29,1,0,1,0,0,0,1,0,1,0,0,0,0,0,0,1,0,1,0
3943,10000.0,23.0,688,4,26,22000,22012.02,0,1,1,0,0,1,0,0,1,0,0,0,0,0,1,0,0,1,0
3930,10000.0,30.0,656,1,31,22064,16665.42,0,1,0,1,0,1,0,0,1,0,0,0,0,0,0,1,0,0,1
3928,20000.0,36.0,665,5,30,50000,49986.07,0,1,0,1,0,1,0,0,1,0,0,0,0,0,1,0,0,0,1
3894,25000.0,37.0,661,6,30,35000,22668.1,0,1,1,0,0,1,0,0,1,0,0,1,0,0,0,0,0,1,0
3890,8000.0,32.0,656,4,31,28000,6596.65,0,1,0,1,0,1,0,0,0,0,1,0,0,0,1,0,0,0,1
3884,15000.0,29.0,638,8,34,31294,31294.13,0,1,0,0,1,0,1,0,0,0,1,0,0,0,1,0,0,1,0
3882,17300.0,28.0,682,3,27,99287,42521.76,0,1,1,0,0,1,0,0,1,0,0,0,0,0,1,0,0,0,1
3880,24000.0,36.0,654,3,31,68000,20134.75,0,1,1,0,0,1,0,0,1,0,0,0,0,0,1,0,0,0,1
3878,25000.0,42.0,660,2,30,127500,23434.59,1,0,1,0,0,1,0,0,0,1,0,0,0,0,1,0,0,0,1
3873,25000.0,51.0,643,4,33,10500,9940.17,0,1,0,1,0,0,1,0,0,0,1,1,0,0,0,0,0,1,0
3859,100000.0,30.0,688,4,26,160000,66852.98,0,1,0,1,0,1,0,0,1,0,0,0,0,0,1,0,0,0,1
3857,25000.0,28.0,719,8,22,8000,8000.0,0,1,0,0,1,1,0,0,1,0,0,0,0,0,1,0,0,1,0
3853,23000.0,28.0,645,8,33,25974,25974.0,0,1,1,0,0,1,0,0,1,0,0,0,0,0,1,0,0,0,1
3848,60000.0,65.0,689,4,26,500000,29926.24,0,1,0,1,0,0,1,0,0,0,1,1,0,0,0,0,0,0,1
3846,16000.0,37.0,693,5,26,217000,18744.04,0,1,1,0,0,1,0,0,1,0,0,0,0,0,1,0,0,0,1
3839,50000.0,38.0,636,0,34,322000,67538.76,0,1,0,1,0,1,0,0,0,1,0,1,0,0,0,0,0,0,1
3836,20000.0,32.0,645,5,33,15000,15459.6,0,1,0,0,1,0,1,0,0,0,1,1,0,0,0,0,0,1,0
3824,6000.0,29.0,682,6,27,6000,7608.84,1,0,1,0,0,1,0,0,1,0,0,0,0,0,1,0,0,1,0
3820,25000.0,41.0,673,2,29,140000,29253.99,0,1,0,1,0,1,0,0,1,0,0,1,0,0,0,0,0,0,1
3817,14000.0,43.0,717,9,22,10000,14995.29,0,1,0,0,1,1,0,0,1,0,0,1,0,0,0,0,0,1,0
3815,12500.0,35.0,647,2,32,12000,13054.66,0,1,0,1,0,1,0,0,1,0,0,0,0,0,0,1,0,1,0
3814,35000.0,32.0,665,1,30,146740,146740.49,0,1,0,1,0,0,1,0,0,1,0,0,0,0,1,0,0,0,1
3809,30000.0,29.0,642,0,33,42680,45783.92,0,1,0,1,0,0,1,0,1,0,0,0,0,0,1,0,0,0,1
3801,30000.0,45.0,629,2,35,31718,10715.88,0,1,0,1,0,1,0,0,0,0,1,1,0,0,0,0,0,0,1
3795,24000.0,55.0,692,4,26,50158,46771.29,0,1,0,1,0,0,1,0,1,0,0,0,0,0,1,0,0,0,1
3794,12000.0,27.0,652,6,32,45100,39587.85,0,1,1,0,0,0,1,0,0,1,0,0,0,0,1,0,0,1,0
3788,7000.0,27.0,690,7,26,20000,16594.95,1,0,1,0,0,1,0,0,1,0,0,0,0,0,1,0,0,1,0
3782,35000.0,58.0,702,6,24,10918,10918.28,0,1,0,1,0,0,1,0,1,0,0,1,0,0,0,0,0,1,0
3780,19500.0,50.0,637,5,34,151400,97542.5,0,1,0,1,0,0,1,0,0,0,1,0,0,1,0,0,0,0,1
3775,12500.0,35.0,647,3,32,10000,15229.52,0,1,0,1,0,1,0,0,1,0,0,0,0,0,0,1,0,0,1
3772,35000.0,36.0,659,6,31,68581,68595.39,0,1,0,1,0,0,1,0,1,0,0,1,0,0,0,0,0,0,1
3769,6100.0,23.0,657,3,31,18750,18093.17,0,1,1,0,0,1,0,0,1,0,0,0,0,0,1,0,0,0,1
3765,24000.0,42.0,692,5,26,29500,31619.04,1,0,0,1,0,1,0,0,1,0,0,0,0,0,1,0,0,1,0
3761,24661.0,31.0,689,6,26,24661,24660.42,0,1,0,1,0,0,1,0,1,0,0,0,0,0,1,0,0,1,0
3759,44800.0,51.0,645,1,33,27000,34121.98,1,0,1,0,0,1,0,0,0,0,1,0,0,0,1,0,0,0,1
3754,32000.0,43.0,671,8,29,120000,120000.0,0,1,0,0,1,1,0,0,1,0,0,1,0,0,0,0,0,0,1
3751,30000.0,35.0,686,5,27,18513,18653.97,0,1,0,1,0,1,0,0,1,0,0,1,0,0,0,0,0,1,0
3747,28000.0,58.0,702,6,24,58193,44994.83,0,1,0,1,0,0,1,0,1,0,0,1,0,0,0,0,0,1,0
3739,10000.0,30.0,641,3,33,78000,72947.12,0,1,0,0,1,1,0,0,1,0,0,1,0,0,0,0,0,0,1
3738,12000.0,47.0,705,9,24,9933,9933.08,1,0,0,1,0,0,1,0,1,0,0,1,0,0,0,0,0,1,0
3737,25000.0,29.0,640,6,33,29980,29746.48,0,1,0,1,0,0,1,0,1,0,0,1,0,0,0,0,0,0,1
3729,8000.0,24.0,648,8,32,8520,8520.25,0,1,0,1,0,1,0,0,1,0,0,0,0,0,1,0,0,1,0
3728,4600.0,22.0,691,6,26,7000,6192.05,0,1,0,0,1,1,0,0,0,0,1,0,0,0,1,0,0,1,0
3725,60000.0,32.0,687,6,27,24260,24260.02,0,1,0,1,0,0,1,0,1,0,0,1,0,0,0,0,0,1,0
3724,19000.0,25.0,673,7,29,23000,23000.0,1,0,1,0,0,1,0,0,1,0,0,0,0,0,1,0,0,0,1
3722,30000.0,22.0,672,6,29,32280,31562.04,0,1,0,0,1,0,1,0,1,0,0,0,0,0,1,0,0,1,0
3706,15000.0,51.0,640,3,33,20000,12214.01,0,1,0,1,0,0,1,0,0,0,1,1,0,0,0,0,0,1,0
3701,80000.0,26.0,696,7,25,35000,32338.25,0,1,0,0,1,1,0,0,1,0,0,1,0,0,0,0,0,1,0
3686,39218.0,65.0,721,8,22,50668,51526.83,0,1,0,1,0,1,0,0,1,0,0,1,0,0,0,0,0,1,0
3679,16000.0,52.0,677,3,28,51000,48706.17,1,0,0,0,1,0,1,0,0,0,1,0,0,0,0,0,1,0,1
3668,20000.0,28.0,688,7,26,18703,18687.42,0,1,0,1,0,0,1,0,1,0,0,0,0,0,1,0,0,1,0
3667,25000.0,26.0,673,2,29,21000,20913.13,1,0,0,1,0,0,1,0,1,0,0,0,0,0,0,1,0,1,0
3665,30000.0,38.0,634,5,34,75000,19861.33,1,0,0,1,0,1,0,0,1,0,0,0,0,1,0,0,0,0,1
3657,16000.0,47.0,717,9,22,42748,41345.56,1,0,0,1,0,1,0,0,1,0,0,1,0,0,0,0,0,0,1
3655,23200.0,40.0,677,8,28,106000,30395.46,0,1,0,1,0,1,0,0,0,0,1,1,0,0,0,0,0,0,1
3652,40000.0,25.0,634,5,34,40000,45621.75,0,1,0,0,1,1,0,0,1,0,0,0,0,0,0,1,0,1,0
3651,25000.0,36.0,683,7,27,92700,46749.2,0,1,0,1,0,1,0,0,0,0,1,1,0,0,0,0,0,0,1
3650,5200.0,22.0,681,7,27,12000,12000.0,0,1,1,0,0,1,0,0,0,0,1,0,0,0,1,0,0,0,1
3647,25000.0,38.0,670,7,29,134877,28475.31,1,0,0,1,0,0,1,0,1,0,0,1,0,0,0,0,0,1,0
3645,12000.0,40.0,638,2,34,60000,60000.0,0,1,0,1,0,1,0,0,1,0,0,0,0,0,1,0,0,0,1
3641,4096.0,32.0,686,7,27,11387,11387.39,1,0,0,1,0,1,0,0,0,1,0,1,0,0,0,0,0,0,1
3638,8200.0,23.0,635,6,34,22960,22960.26,0,1,1,0,0,1,0,0,1,0,0,0,0,0,1,0,0,0,1
3634,12000.0,40.0,638,2,34,99000,99000.0,0,1,0,1,0,1,0,0,1,0,0,0,0,0,1,0,0,0,1
3632,30000.0,25.0,632,1,34,200000,60000.0,0,1,0,1,0,0,1,0,1,0,0,0,0,0,0,1,0,1,0
3625,12000.0,22.0,676,7,28,35000,34799.31,0,1,1,0,0,0,1,0,0,0,1,0,0,0,1,0,0,1,0
3624,15500.0,26.0,677,6,28,20000,19897.02,0,1,1,0,0,1,0,0,1,0,0,0,0,0,1,0,0,1,0
3620,8500.0,20.0,654,6,31,14384,14384.0,0,1,1,0,0,1,0,0,0,0,1,0,0,0,1,0,0,0,1
3609,5000.0,24.0,680,8,28,6000,5711.26,0,1,1,0,0,0,1,0,1,0,0,0,0,0,1,0,0,1,0
3607,25000.0,28.0,697,8,25,22566,22166.33,1,0,0,0,1,1,0,0,1,0,0,0,0,0,1,0,0,1,0
3596,6000.0,23.0,685,6,27,9335,9370.97,0,1,0,0,1,1,0,0,0,0,1,0,0,0,1,0,0,1,0
3593,20000.0,26.0,696,8,25,30000,30000.0,0,1,1,0,0,1,0,0,1,0,0,0,0,0,1,0,0,0,1
3586,20000.0,27.0,703,8,24,18000,16953.15,0,1,0,0,1,1,0,0,1,0,0,0,0,0,1,0,0,1,0
3577,35000.0,26.0,652,6,32,12751,24420.64,0,1,1,0,0,1,0,0,0,1,0,0,0,0,1,0,0,1,0
3572,9000.0,35.0,625,6,35,23000,2023.72,1,0,0,1,0,1,0,0,1,0,0,1,0,0,0,0,0,0,1
3556,52130.0,31.0,652,5,32,160000,160000.0,0,1,0,0,1,1,0,0,1,0,0,1,0,0,0,0,0,0,1
3553,20000.0,29.0,695,6,25,30000,30000.0,0,1,1,0,0,0,1,0,1,0,0,0,0,0,1,0,0,1,0
3550,70000.0,54.0,672,2,29,34000,29094.04,0,1,0,1,0,1,0,0,1,0,0,0,0,0,1,0,0,0,1
3549,12000.0,29.0,688,5,26,20000,20000.0,0,1,1,0,0,1,0,0,1,0,0,0,0,0,1,0,0,0,1
3544,65000.0,29.0,653,5,31,30000,30000.0,0,1,0,1,0,1,0,0,1,0,0,0,0,0,1,0,0,0,1
3532,25000.0,46.0,693,3,26,60000,60000.0,0,1,0,1,0,0,1,0,1,0,0,1,0,0,0,0,0,0,1
3529,12000.0,40.0,638,2,34,109000,56333.10156,0,1,0,1,0,1,0,0,1,0,0,0,0,0,1,0,0,0,1
3528,13700.0,28.0,648,5,32,58700,57439.46875,1,0,0,0,1,1,0,0,0,1,0,0,0,0,1,0,0,1,0
3510,100000.0,40.0,667,5,29,420000,420000.0,0,1,0,1,0,1,0,0,1,0,0,1,0,0,0,0,0,0,1
3505,78000.0,30.0,640,1,33,34000,24184.90039,0,1,1,0,0,1,0,0,1,0,0,0,0,0,1,0,0,1,0
3502,16500.0,27.0,641,2,33,11452,11453.79,0,1,0,1,0,1,0,0,1,0,0,0,0,0,1,0,0,1,0
3480,28100.0,35.0,674,6,28,37500,27013.279789999997,0,1,0,1,0,1,0,0,1,0,0,1,0,0,0,0,0,1,0
3459,32000.0,34.0,689,6,26,61000,35716.5,0,1,0,0,1,1,0,0,1,0,0,1,0,0,0,0,0,0,1
3452,17000.0,30.0,678,3,28,121000,121000.0,1,0,1,0,0,1,0,0,0,1,0,1,0,0,0,0,0,0,1
3442,13500.0,28.0,692,8,26,11595,11595.0,0,1,1,0,0,1,0,0,1,0,0,0,0,0,1,0,0,0,1
3441,11500.0,26.0,650,7,32,18986,18986.0,0,1,1,0,0,1,0,0,1,0,0,0,0,0,1,0,0,0,1
3440,8000.0,26.0,650,7,32,18986,21404.40039,0,1,0,1,0,1,0,0,1,0,0,0,0,0,1,0,0,1,0
3432,13200.0,40.0,677,8,28,100254,90067.89844,0,1,0,1,0,1,0,0,0,0,1,1,0,0,0,0,0,0,1
3430,23900.0,38.0,714,9,23,41400,41400.0,0,1,0,0,1,1,0,0,1,0,0,0,0,0,1,0,0,1,0
3427,30000.0,25.0,644,3,20,14324,14324.0,0,1,0,1,0,1,0,0,1,0,0,0,0,0,1,0,0,1,0
3425,15000.0,30.0,640,7,20,11000,11000.0,0,1,0,1,0,1,0,0,1,0,0,1,0,0,0,0,0,1,0
3424,17000.0,34.0,652,7,20,26000,25641.0,0,1,1,0,0,1,0,0,1,0,0,0,0,0,1,0,0,1,0
3418,10000.0,32.0,642,8,20,45000,45000.0,0,1,0,0,1,1,0,0,0,1,0,0,0,0,1,0,0,1,0
3411,40000.0,33.0,634,2,20,21000,21000.0,0,1,0,1,0,1,0,0,0,1,0,0,0,0,1,0,0,1,0
3403,8000.0,33.0,698,6,20,31000,31000.0,0,1,1,0,0,1,0,0,1,0,0,0,0,0,1,0,0,0,1
3398,8000.0,25.0,630,6,20,15000,13936.05,0,1,1,0,0,0,1,0,1,0,0,0,0,0,1,0,0,1,0
3389,13000.0,28.0,695,7,20,15000,15000.0,0,1,0,1,0,1,0,0,1,0,0,0,0,0,1,0,0,1,0
3388,12000.0,27.0,704,8,20,60000,60000.0,0,1,0,1,0,1,0,0,1,0,0,0,0,0,1,0,0,0,1
3387,64000.0,60.0,665,7,20,108865,108865.0,0,1,0,1,0,1,0,0,0,1,0,1,0,0,0,0,0,0,1
3386,24000.0,40.0,663,8,20,41106,41106.0,0,1,0,0,1,1,0,0,0,1,0,1,0,0,0,0,0,1,0
3379,33500.0,32.0,709,5,20,71684,71684.0,1,0,0,0,1,1,0,0,1,0,0,1,0,0,0,0,0,0,1
3377,28000.0,28.0,700,9,20,30000,30000.0,0,1,0,0,1,1,0,0,1,0,0,0,0,0,1,0,0,1,0
3369,30000.0,33.0,672,1,20,53000,53000.0,0,1,0,1,0,1,0,0,1,0,0,1,0,0,0,0,0,1,0
3368,20000.0,54.0,698,7,20,42878,41670.0,0,1,0,1,0,0,1,0,0,0,1,0,0,1,0,0,0,1,0
3366,12000.0,52.0,660,6,20,22000,22000.0,0,1,0,1,0,1,0,0,1,0,0,1,0,0,0,0,0,0,1
3350,11800.0,30.0,679,7,20,11065,11065.0,0,1,1,0,0,1,0,0,1,0,0,0,0,0,1,0,0,1,0
3348,12000.0,54.0,655,5,20,46000,48154.4,0,1,0,1,0,1,0,0,1,0,0,1,0,0,0,0,0,0,1
3347,17800.0,30.0,662,3,20,46880,46880.0,1,0,1,0,0,1,0,0,0,1,0,0,0,0,1,0,0,0,1
3344,12300.0,28.0,688,6,20,32000,32000.0,0,1,1,0,0,1,0,0,1,0,0,0,0,0,1,0,0,0,1
3343,63000.0,39.0,694,8,20,370000,370000.0,0,1,0,0,1,1,0,0,0,1,0,0,0,0,1,0,0,0,1
3342,12000.0,30.0,705,7,20,67091,67091.0,0,1,0,1,0,1,0,0,1,0,0,0,0,0,0,1,0,0,1
3331,50000.0,35.0,625,5,20,40000,40000.0,0,1,0,0,1,1,0,0,1,0,0,0,0,0,1,0,0,1,0
3330,50000.0,35.0,625,5,20,20000,20000.0,0,1,0,0,1,1,0,0,1,0,0,0,0,0,1,0,0,0,1
3324,25000.0,34.0,633,5,20,46000,46000.0,0,1,0,0,1,0,1,0,1,0,0,1,0,0,0,0,0,0,1
3321,29000.0,40.0,657,6,20,15000,15000.0,0,1,0,0,0,1,0,0,1,0,0,0,0,0,0,0,0,1,0
3319,66000.0,37.0,691,7,20,144872,144872.0,0,1,0,0,0,1,0,0,1,0,0,0,0,0,0,0,0,0,1
3315,35000.0,43.0,639,4,20,10000,10000.0,0,1,0,0,0,1,0,0,1,0,0,0,0,0,0,0,0,1,0
3311,22000.0,24.0,697,6,20,27000,27000.0,0,1,0,0,0,1,0,0,1,0,0,0,0,0,0,0,0,1,0
3310,12000.0,25.0,627,6,20,11793,11793.0,0,1,0,0,0,1,0,0,0,0,1,0,0,0,0,0,0,1,0
3308,20000.0,27.0,676,5,20,31854,31854.0,1,0,0,0,0,1,0,0,1,0,0,0,0,0,0,0,0,1,0
3299,27000.0,26.0,685,5,20,60000,60000.0,0,1,0,0,0,1,0,0,1,0,0,0,0,0,0,0,0,1,0
3283,19600.0,27.0,668,7,20,14100,14100.0,1,0,0,0,0,1,0,0,1,0,0,0,0,0,0,0,0,1,0
3281,7000.0,29.0,653,1,20,15850,15850.0,0,1,0,0,0,1,0,0,0,0,1,0,0,0,0,0,0,0,1
3264,22000.0,26.0,673,8,20,30000,30000.0,0,1,0,0,0,1,0,0,1,0,0,0,0,0,0,0,0,0,1
3262,15000.0,26.0,706,8,20,50394,50394.0,1,0,0,0,0,1,0,0,1,0,0,0,0,0,0,0,0,1,0
3260,10000.0,31.0,672,1,20,25259,25259.0,0,1,0,0,0,1,0,0,0,0,1,0,0,0,0,0,0,0,1
3252,16500.0,27.0,626,1,20,60000,60000.0,0,1,0,0,0,1,0,0,1,0,0,0,0,0,0,0,0,1,0
3245,43500.0,41.0,677,5,20,27500,27500.0,0,1,0,0,0,0,1,0,1,0,0,0,0,0,0,0,0,1,0
3244,65000.0,38.0,630,5,20,60000,60000.0,1,0,0,0,0,1,0,0,0,1,0,0,0,0,0,0,0,1,0
3240,12000.0,28.0,654,8,20,34000,34000.0,0,1,0,0,0,0,1,0,1,0,0,0,0,0,0,0,0,0,1
3238,33858.0,29.0,711,8,20,24000,24000.0,0,1,0,0,0,1,0,0,1,0,0,0,0,0,0,0,0,1,0
3233,30000.0,29.0,637,6,20,40000,40000.0,1,0,0,0,0,1,0,0,0,1,0,0,0,0,0,0,0,1,0
3231,25000.0,26.0,720,9,20,50000,50000.0,0,1,0,0,0,0,1,0,1,0,0,0,0,0,0,0,0,0,1
3207,68000.0,37.0,699,5,20,464300,464300.0,0,1,0,0,0,1,0,0,0,1,0,0,0,0,0,0,0,0,1
3200,12000.0,35.0,672,9,20,6000,6000.0,0,1,0,0,0,1,0,0,1,0,0,0,0,0,0,0,0,1,0
3191,25000.0,40.0,707,8,20,50000,50000.0,1,0,0,0,0,0,1,0,1,0,0,0,0,0,0,0,0,0,1
3187,25000.0,25.0,720,9,20,60000,60000.0,0,1,0,0,0,1,0,0,1,0,0,0,0,0,0,0,0,0,1
3186,8000.0,24.0,677,6,20,9766,9766.0,1,0,0,0,0,1,0,0,1,0,0,0,0,0,0,0,0,1,0
3179,25000.0,26.0,641,3,20,29000,29000.0,0,1,0,0,0,0,1,0,0,1,0,0,0,0,0,0,0,0,1
3175,12345.0,25.0,696,8,20,50000,50000.0,0,1,0,0,0,1,0,0,1,0,0,0,0,0,0,0,0,0,1
3170,60000.0,37.0,712,9,20,108000,108000.0,0,1,0,0,0,0,1,0,0,1,0,0,0,0,0,0,0,1,0
3166,31000.0,30.0,673,7,20,230000,230000.0,0,1,0,0,0,1,0,0,0,1,0,0,0,0,0,0,0,0,1
3159,14000.0,35.0,691,5,20,62820,62820.0,0,1,0,0,0,1,0,0,1,0,0,0,0,0,0,0,0,0,1
3149,14500.0,28.0,691,8,20,73000,73000.0,1,0,0,0,0,1,0,0,1,0,0,0,0,0,0,0,0,0,1
3146,25000.0,25.0,720,9,20,50000,50000.0,0,1,0,0,0,1,0,0,1,0,0,0,0,0,0,0,0,0,1
3145,28000.0,28.0,637,6,20,40000,40000.0,1,0,0,0,0,1,0,0,0,1,0,0,0,0,0,0,0,0,1
3136,28000.0,28.0,637,6,20,37000,37000.0,1,0,0,0,0,1,0,0,0,1,0,0,0,0,0,0,0,0,1
3132,60000.0,40.0,678,5,20,35570,35570.0,0,1,0,0,0,0,1,0,1,0,0,0,0,0,0,0,0,1,0
3123,32000.0,28.0,713,8,20,22588,22588.0,0,1,0,0,0,1,0,0,1,0,0,0,0,0,0,0,0,0,1
3120,30000.0,28.0,644,8,20,100000,100000.0,1,0,0,0,0,0,1,0,1,0,0,0,0,0,0,0,0,0,1
3109,15000.0,27.0,696,8,20,16000,16000.0,0,1,0,0,0,0,1,0,1,0,0,0,0,0,0,0,0,1,0
3101,10500.0,28.0,627,7,20,50000,50000.0,1,0,0,0,0,1,0,0,0,1,0,0,0,0,0,0,0,0,1
3097,20000.0,28.0,713,8,20,20000,20000.0,0,1,0,0,0,0,1,0,1,0,0,0,0,0,0,0,0,1,0
3096,12000.0,27.0,681,7,20,30000,30000.0,0,1,0,0,0,1,0,0,1,0,0,0,0,0,0,0,0,1,0
3092,14701.0,34.0,660,7,20,20253,20253.0,0,1,0,0,0,1,0,0,0,1,0,0,0,0,0,0,0,1,0
3088,17000.0,26.0,679,6,20,10941,10941.0,1,0,0,0,0,1,0,0,1,0,0,0,0,0,0,0,0,1,0
3087,12000.0,31.0,690,7,20,20000,20000.0,1,0,0,0,0,1,0,0,1,0,0,0,0,0,0,0,0,0,1
3075,16000.0,30.0,705,6,20,55000,55000.0,0,1,0,0,0,1,0,0,0,1,0,0,0,0,0,0,0,0,1
3073,4500.0,27.0,629,7,20,6304,6304.0,0,1,0,0,0,1,0,0,0,0,1,0,0,0,0,0,0,1,0
3051,15500.0,25.0,690,7,20,21000,21000.0,0,1,0,0,0,1,0,0,1,0,0,0,0,0,0,0,0,0,1
3047,7000.0,25.0,708,9,20,21671,21671.0,0,1,0,0,0,1,0,0,1,0,0,0,0,0,0,0,0,1,0
3037,19850.0,26.0,670,8,20,13000,13000.0,1,0,0,0,0,1,0,0,1,0,0,0,0,0,0,0,0,0,1
3036,30000.0,41.0,649,7,20,72000,72000.0,1,0,0,0,0,0,1,0,0,0,1,0,0,0,0,0,0,1,0
3030,12000.0,29.0,684,7,20,30000,30000.0,0,1,0,0,0,1,0,0,1,0,0,0,0,0,0,0,0,0,1
3029,21000.0,31.0,697,8,20,69000,69000.0,1,0,0,0,0,1,0,0,1,0,0,0,0,0,0,0,0,1,0
3025,20000.0,26.0,671,7,20,30000,30000.0,0,1,0,0,0,0,1,0,1,0,0,0,0,0,0,0,0,1,0
3022,10000.0,23.0,695,7,20,51000,51000.0,0,1,0,0,0,1,0,0,1,0,0,0,0,0,0,0,0,0,1
3019,15675.0,27.0,666,6,20,8000,8000.0,0,1,0,0,0,1,0,0,1,0,0,0,0,0,0,0,0,1,0
3014,35000.0,34.0,671,7,20,60000,60000.0,0,1,0,0,0,1,0,0,0,1,0,0,0,0,0,0,0,0,1
3008,12000.0,28.0,692,5,20,23700,23700.0,0,1,0,0,0,1,0,0,0,1,0,0,0,0,0,0,0,1,0
2995,15000.0,29.0,663,4,20,33000,33000.0,0,1,0,0,0,1,0,0,1,0,0,0,0,0,0,0,0,0,1
2985,20000.0,23.0,664,6,20,38000,38000.0,0,1,0,0,0,1,0,0,0,0,1,0,0,0,0,0,0,0,1
2984,8000.0,29.0,679,6,20,10700,10700.0,0,1,0,0,0,1,0,0,1,0,0,0,0,0,0,0,0,1,0
2983,38000.0,32.0,628,5,20,50570,50570.0,0,1,0,0,0,1,0,0,1,0,0,0,0,0,0,0,0,0,1
2973,17000.0,26.0,642,4,20,35000,35000.0,0,1,0,0,0,0,1,0,0,0,1,0,0,0,0,0,0,0,1
2960,15000.0,33.0,690,1,20,37700,37700.0,0,1,0,0,0,0,1,0,0,0,1,0,0,0,0,0,0,0,1
2959,19000.0,28.0,668,4,20,40513,40513.0,0,1,0,0,0,1,0,0,0,1,0,0,0,0,0,0,0,0,1
2955,10000.0,33.0,707,8,20,26360,26360.0,1,0,0,0,0,1,0,0,1,0,0,0,0,0,0,0,0,1,0
2954,25000.0,30.0,709,6,20,35000,35000.0,0,1,0,0,0,1,0,0,0,1,0,0,0,0,0,0,0,0,1
2945,21330.0,26.0,656,4,20,21646,21646.0,0,1,0,0,0,1,0,0,0,1,0,0,0,0,0,0,0,1,0
2940,16000.0,33.0,695,6,20,63387,63387.0,0,1,0,0,0,1,0,0,1,0,0,0,0,0,0,0,0,0,1
2938,30000.0,30.0,691,7,20,9300,9300.0,0,1,0,0,0,1,0,0,1,0,0,0,0,0,0,0,0,1,0
2931,20000.0,32.0,648,4,20,79000,79000.0,0,1,0,0,0,1,0,0,1,0,0,0,0,0,0,0,0,0,1
2929,8000.0,34.0,685,7,20,14592,14592.0,0,1,0,0,0,1,0,0,1,0,0,0,0,0,0,0,0,1,0
2927,40000.0,37.0,680,8,20,173007,173007.0,0,1,0,0,0,1,0,0,1,0,0,0,0,0,0,0,0,0,1
2926,23500.0,24.0,637,4,20,20000,20000.0,0,1,0,0,0,1,0,0,1,0,0,0,0,0,0,0,0,1,0
2923,42000.0,26.0,703,8,20,63000,63000.0,0,1,0,0,0,1,0,0,1,0,0,0,0,0,0,0,0,1,0
2921,16000.0,47.0,688,9,20,40414,40414.0,0,1,0,0,0,0,1,0,0,0,1,0,0,0,0,0,0,1,0
2918,15000.0,31.0,697,7,20,34002,34002.0,0,1,0,0,0,0,1,0,0,0,1,0,0,0,0,0,0,0,1
2908,10000.0,24.0,634,7,20,32884,32884.0,1,0,0,0,0,1,0,0,1,0,0,0,0,0,0,0,0,1,0
2906,3800.0,26.0,637,4,20,9900,9900.0,0,1,0,0,0,1,0,0,1,0,0,0,0,0,0,0,0,0,1
2905,7651.0,28.0,657,4,20,9478,9478.0,0,1,0,0,0,1,0,0,1,0,0,0,0,0,0,0,0,1,0
2901,11000.0,32.0,691,7,20,78000,78000.0,1,0,0,0,0,1,0,0,1,0,0,0,0,0,0,0,0,0,1
2897,28000.0,28.0,664,6,20,33500,33500.0,0,1,0,0,0,1,0,0,1,0,0,0,0,0,0,0,0,1,0
2892,9000.0,29.0,671,3,20,14000,14000.0,0,1,0,0,0,1,0,0,1,0,0,0,0,0,0,0,0,1,0
2888,7000.0,34.0,701,7,20,14350,14350.0,0,1,0,0,0,1,0,0,0,0,1,0,0,0,0,0,0,1,0
2882,43000.0,40.0,679,6,20,38000,38000.0,0,1,0,0,0,0,1,0,1,0,0,0,0,0,0,0,0,0,1
2880,2500.0,26.0,684,7,20,6000,6000.0,0,1,0,0,0,0,1,0,0,0,1,0,0,0,0,0,0,1,0
2877,25000.0,25.0,723,9,20,50000,50000.0,0,1,0,0,0,1,0,0,1,0,0,0,0,0,0,0,0,0,1
2871,20000.0,28.0,713,8,20,30000,30000.0,0,1,0,0,0,0,1,0,1,0,0,0,0,0,0,0,0,0,1
2868,25000.0,25.0,668,7,20,25000,25000.0,0,1,0,0,0,1,0,0,1,0,0,0,0,0,0,0,0,0,1
2865,22000.0,49.0,691,9,20,18000,18000.0,0,1,0,0,0,1,0,0,1,0,0,0,0,0,0,0,0,1,0
2847,39000.0,25.0,686,8,20,30000,30000.0,0,1,0,0,0,1,0,0,1,0,0,0,0,0,0,0,0,1,0
2845,25000.0,25.0,723,9,20,35000,35000.0,0,1,0,0,0,1,0,0,1,0,0,0,0,0,0,0,0,1,0
2844,20000.0,28.0,715,8,20,20000,20000.0,0,1,0,0,0,0,1,0,1,0,0,0,0,0,0,0,0,1,0
2839,20000.0,43.0,696,8,20,40000,40000.0,0,1,0,0,0,0,1,0,0,1,0,0,0,0,0,0,0,1,0
2836,18000.0,45.0,650,5,20,42000,42000.0,0,1,0,0,0,1,0,0,0,0,1,0,0,0,0,0,0,1,0
2834,30000.0,39.0,643,6,20,15000,15000.0,0,1,0,0,0,1,0,0,1,0,0,0,0,0,0,0,0,1,0
2826,15000.0,53.0,703,8,20,13000,13000.0,0,1,0,0,0,1,0,0,1,0,0,0,0,0,0,0,0,1,0
2819,16000.0,44.0,673,7,20,89000,89000.0,0,1,0,0,0,1,0,0,0,0,1,0,0,0,0,0,0,0,1
2801,14200.0,27.0,633,5,20,39952,39952.0,1,0,0,0,0,1,0,0,1,0,0,0,0,0,0,0,0,1,0
2762,27000.0,38.0,637,5,20,15990,15990.0,0,1,0,0,0,0,1,0,0,1,0,0,0,0,0,0,0,1,0
2750,12500.0,26.0,714,8,20,23277,23277.0,0,1,0,0,0,1,0,0,0,1,0,0,0,0,0,0,0,1,0
2735,34000.0,29.0,701,6,20,53040,53040.0,1,0,0,0,0,1,0,0,0,1,0,0,0,0,0,0,0,1,0
2731,28000.0,38.0,686,5,20,18500,18500.0,0,1,0,0,0,0,1,0,0,1,0,0,0,0,0,0,0,1,0
2730,20000.0,35.0,716,8,20,25294,25294.0,1,0,0,0,0,0,1,0,1,0,0,0,0,0,0,0,0,1,0
2708,15000.0,25.0,692,8,20,22533,22533.0,0,1,0,0,0,0,1,0,1,0,0,0,0,0,0,0,0,1,0
2701,14000.0,30.0,690,8,20,29551,29551.0,1,0,0,0,0,1,0,0,1,0,0,0,0,0,0,0,0,1,0
2656,10000.0,32.0,667,4,20,25000,25000.0,0,1,0,0,0,1,0,0,1,0,0,0,0,0,0,0,0,1,0
2627,18000.0,43.0,625,5,20,32500,32500.0,0,1,0,0,0,1,0,0,0,0,1,0,0,0,0,0,0,0,1
2623,26000.0,46.0,681,5,20,105000,105000.0,1,0,0,0,0,1,0,0,0,0,1,0,0,0,0,0,0,0,1
2608,30000.0,30.0,677,7,20,60000,60000.0,0,1,0,0,0,0,1,0,0,1,0,0,0,0,0,0,0,1,0
2562,,27.0,651,8,20,14256,14256.0,0,1,0,0,0,0,0,0,0,0,0,0,0,0,0,0,0,1,0
2551,,25.0,723,9,20,32000,32000.0,0,1,0,0,0,0,0,0,0,0,0,0,0,0,0,0,0,1,0
2539,,39.0,710,8,20,59130,59130.0,1,0,0,0,0,0,0,0,0,0,0,0,0,0,0,0,0,1,0
2523,,25.0,717,9,20,30000,30000.0,0,1,0,0,0,0,0,0,0,0,0,0,0,0,0,0,0,1,0
2515,,29.0,670,7,20,22000,22000.0,1,0,0,0,0,0,0,0,0,0,0,0,0,0,0,0,0,1,0
2473,,38.0,632,6,20,23557,23557.0,0,1,0,0,0,0,0,0,0,0,0,0,0,0,0,0,0,1,0
2471,,28.0,678,8,20,25600,25600.0,1,0,0,0,0,0,0,0,0,0,0,0,0,0,0,0,0,1,0
2434,,26.0,637,5,20,32000,32000.0,1,0,0,0,0,0,0,0,0,0,0,0,0,0,0,0,0,1,0
2432,,25.0,669,7,20,22848,22848.0,0,1,0,0,0,0,0,0,0,0,0,0,0,0,0,0,0,1,0
2422,,24.0,687,7,20,39500,39500.0,0,1,0,0,0,0,0,0,0,0,0,0,0,0,0,0,0,1,0
2396,,31.0,697,5,20,33099,33099.0,0,1,0,0,0,0,0,0,0,0,0,0,0,0,0,0,0,1,0
2377,,27.0,684,7,20,23354,23354.0,1,0,0,0,0,0,0,0,0,0,0,0,0,0,0,0,0,1,0
2357,,41.0,641,7,20,21000,21000.0,0,1,0,0,0,0,0,0,0,0,0,0,0,0,0,0,0,1,0
2351,,29.0,677,6,20,6000,6000.0,0,1,0,0,0,0,0,0,0,0,0,0,0,0,0,0,0,1,0
2335,,40.0,680,6,20,25000,25000.0,0,1,0,0,0,0,0,0,0,0,0,0,0,0,0,0,0,1,0
2330,,30.0,642,4,20,12200,12200.0,1,0,0,0,0,0,0,0,0,0,0,0,0,0,0,0,0,1,0
2307,,28.0,726,8,20,50000,50000.0,0,1,0,0,0,0,0,0,0,0,0,0,0,0,0,0,0,1,0
2270,,25.0,697,7,20,70000,70000.0,0,1,0,0,0,0,0,0,0,0,0,0,0,0,0,0,0,1,0
2241,,55.0,714,7,20,16976,16976.0,0,1,0,0,0,0,0,0,0,0,0,0,0,0,0,0,0,1,0
2206,,37.0,648,6,20,129008,129008.0,1,0,0,0,0,0,0,0,0,0,0,0,0,0,0,0,0,0,1
2201,,30.0,654,5,20,38000,38000.0,1,0,0,0,0,0,0,0,0,0,0,0,0,0,0,0,0,1,0
2190,,29.0,668,8,20,35000,35000.0,0,1,0,0,0,0,0,0,0,0,0,0,0,0,0,0,0,1,0
2187,,35.0,676,7,20,60000,60000.0,1,0,0,0,0,0,0,0,0,0,0,0,0,0,0,0,0,1,0
2184,,46.0,651,6,20,17615,17615.0,1,0,0,0,0,0,0,0,0,0,0,0,0,0,0,0,0,1,0
2063,,35.0,653,8,20,60000,60000.0,0,1,0,0,0,0,0,0,0,0,0,0,0,0,0,0,0,1,0
1955,,31.0,655,8,20,30230,30230.0,0,1,0,0,0,0,0,0,0,0,0,0,0,0,0,0,0,1,0
1833,,30.0,683,9,20,8000,8000.0,0,1,0,0,0,0,0,0,0,0,0,0,0,0,0,0,0,1,0
1814,,34.0,668,8,20,25414,25414.0,0,1,0,0,0,0,0,0,0,0,0,0,0,0,0,0,0,1,0
1803,,30.0,638,6,20,30000,30000.0,0,1,0,0,0,0,0,0,0,0,0,0,0,0,0,0,0,1,0
1759,,29.0,652,9,20,7940,7940.0,1,0,0,0,0,0,0,0,0,0,0,0,0,0,0,0,0,1,0
1721,,58.0,676,8,20,22600,22600.0,0,1,0,0,0,0,0,0,0,0,0,0,0,0,0,0,0,1,0
1714,,38.0,649,6,20,11849,11849.0,0,1,0,0,0,0,0,0,0,0,0,0,0,0,0,0,0,1,0
1707,,42.0,661,7,20,62000,62000.0,0,1,0,0,0,0,0,0,0,0,0,0,0,0,0,0,0,1,0
1700,,32.0,626,6,20,16911,16911.0,0,1,0,0,0,0,0,0,0,0,0,0,0,0,0,0,0,1,0
1694,,35.0,685,8,20,6000,6000.0,1,0,0,0,0,0,0,0,0,0,0,0,0,0,0,0,0,1,0
1681,,58.0,673,8,20,38680,38680.0,0,1,0,0,0,0,0,0,0,0,0,0,0,0,0,0,0,1,0
1645,,30.0,664,8,20,28000,28000.0,0,1,0,0,0,0,0,0,0,0,0,0,0,0,0,0,0,1,0
1631,,42.0,632,5,20,69000,69000.0,1,0,0,0,0,0,0,0,0,0,0,0,0,0,0,0,0,1,0
1623,,49.0,710,9,20,16000,16000.0,0,1,0,0,0,0,0,0,0,0,0,0,0,0,0,0,0,1,0
1608,,,629,7,20,150000,150000.0,0,0,0,0,0,0,0,0,0,0,0,0,0,0,0,0,0,0,1
1602,,36.0,683,5,20,117000,117000.0,1,0,0,0,0,0,0,0,0,0,0,0,0,0,0,0,0,1,0
1543,,30.0,690,4,20,31614,31614.0,1,0,0,0,0,0,0,0,0,0,0,0,0,0,0,0,0,1,0
1542,,41.0,655,5,20,23307,23307.0,1,0,0,0,0,0,0,0,0,0,0,0,0,0,0,0,0,1,0
1534,,52.0,644,7,20,91297,91297.0,0,1,0,0,0,0,0,0,0,0,0,0,0,0,0,0,0,0,1
1532,,55.0,663,6,20,9675,9675.0,0,1,0,0,0,0,0,0,0,0,0,0,0,0,0,0,0,1,0
1519,,28.0,669,8,20,60000,60000.0,0,1,0,0,0,0,0,0,0,0,0,0,0,0,0,0,0,1,0
1512,,36.0,638,3,20,16500,16500.0,0,1,0,0,0,0,0,0,0,0,0,0,0,0,0,0,0,1,0
1498,,48.0,679,9,20,21370,21370.0,0,1,0,0,0,0,0,0,0,0,0,0,0,0,0,0,0,1,0
1486,,27.0,646,6,20,45000,45000.0,0,1,0,0,0,0,0,0,0,0,0,0,0,0,0,0,0,1,0
1485,,33.0,637,7,20,50000,50000.0,0,1,0,0,0,0,0,0,0,0,0,0,0,0,0,0,0,1,0
1478,,41.0,645,7,20,10000,10000.0,1,0,0,0,0,0,0,0,0,0,0,0,0,0,0,0,0,1,0
1459,,35.0,633,7,20,16872,16872.0,1,0,0,0,0,0,0,0,0,0,0,0,0,0,0,0,0,1,0
1454,,41.0,664,7,20,57478,57478.0,1,0,0,0,0,0,0,0,0,0,0,0,0,0,0,0,0,1,0
1445,,44.0,663,7,20,9000,9000.0,1,0,0,0,0,0,0,0,0,0,0,0,0,0,0,0,0,1,0
1439,,36.0,685,7,20,156000,156000.0,0,1,0,0,0,0,0,0,0,0,0,0,0,0,0,0,0,0,1
1426,,29.0,702,8,20,108000,108000.0,0,1,0,0,0,0,0,0,0,0,0,0,0,0,0,0,0,1,0
1402,,51.0,682,8,20,32863,32863.0,0,1,0,0,0,0,0,0,0,0,0,0,0,0,0,0,0,1,0
1188,,28.0,651,4,20,103000,103000.0,0,1,0,0,0,0,0,0,0,0,0,0,0,0,0,0,0,0,1
1168,,52.0,695,7,20,27000,27000.0,1,0,0,0,0,0,0,0,0,0,0,0,0,0,0,0,0,1,0
1159,,29.0,705,8,20,14431,14431.0,0,1,0,0,0,0,0,0,0,0,0,0,0,0,0,0,0,1,0
1154,,25.0,700,8,20,14431,14431.0,0,1,0,0,0,0,0,0,0,0,0,0,0,0,0,0,0,1,0
1149,,29.0,659,8,20,9045,9045.0,0,1,0,0,0,0,0,0,0,0,0,0,0,0,0,0,0,1,0
1115,,27.0,682,7,20,19000,19000.0,0,1,0,0,0,0,0,0,0,0,0,0,0,0,0,0,0,1,0
1103,,29.0,686,8,20,14781,14781.0,0,1,0,0,0,0,0,0,0,0,0,0,0,0,0,0,0,1,0
1089,,39.0,700,9,20,30000,30000.0,1,0,0,0,0,0,0,0,0,0,0,0,0,0,0,0,0,1,0
1084,,54.0,664,7,20,10000,10000.0,1,0,0,0,0,0,0,0,0,0,0,0,0,0,0,0,0,1,0
1068,,47.0,687,3,20,9000,9000.0,1,0,0,0,0,0,0,0,0,0,0,0,0,0,0,0,0,1,0
1059,,27.0,690,5,20,22174,22174.0,1,0,0,0,0,0,0,0,0,0,0,0,0,0,0,0,0,1,0
1047,,36.0,720,9,20,159000,159000.0,0,1,0,0,0,0,0,0,0,0,0,0,0,0,0,0,0,0,1
1038,,33.0,689,6,20,18532,18532.0,0,1,0,0,0,0,0,0,0,0,0,0,0,0,0,0,0,1,0
982,,31.0,687,8,20,27227,27227.0,0,1,0,0,0,0,0,0,0,0,0,0,0,0,0,0,0,1,0
962,,32.0,653,7,20,18000,18000.0,1,0,0,0,0,0,0,0,0,0,0,0,0,0,0,0,0,1,0
945,,26.0,695,8,20,23000,23000.0,0,1,0,0,0,0,0,0,0,0,0,0,0,0,0,0,0,1,0
929,,35.0,693,8,20,65804,65804.0,0,1,0,0,0,0,0,0,0,0,0,0,0,0,0,0,0,1,0
925,,31.0,703,7,20,29500,29500.0,0,1,0,0,0,0,0,0,0,0,0,0,0,0,0,0,0,1,0
787,,26.0,686,6,20,13200,13200.0,1,0,0,0,0,0,0,0,0,0,0,0,0,0,0,0,0,1,0
655,,29.0,692,8,20,30866,30866.0,0,1,0,0,0,0,0,0,0,0,0,0,0,0,0,0,0,1,0
525,,34.0,705,8,20,42700,42700.0,0,1,0,0,0,0,0,0,0,0,0,0,0,0,0,0,0,1,0
